Hamp_XP.057601513.1	dmrt_OG0:dmrtB1	dmrtB1
Hsap_NP.149056.1	dmrt_OG0:dmrtB1	dmrtB1
Oafe_XP.007944154.1	dmrt_OG0:dmrtB1	dmrtB1
Amel_XP.034508822.1	dmrt_OG0:dmrtB1	dmrtB1
Bbub_XP.025144486.2	dmrt_OG0:dmrtB1	dmrtB1
Casi_XP.006839931.1	dmrt_OG0:dmrtB1	dmrtB1
Pgig_XP.039739094.1	dmrt_OG0:dmrtB1	dmrtB1
Cimi_XP.017359902.1	dmrt_OG0:dmrtB1	dmrtB1
Mmus_XP.036020151.1	dmrt_OG0:dmrtB1	dmrtB1
Bmus_XP.036712433.1	dmrt_OG0:dmrtB1	dmrtB1
Oana_XP.039770576.1	dmrt_OG0:dmrtB1	dmrtB1
Scar_XP.047395630.1	dmrt_OG0:dmrtB1	dmrtB1
Mjav_XP.036877684.1	dmrt_OG0:dmrtB1	dmrtB1
Ptig_XP.042853169.1	dmrt_OG0:dmrtB1	dmrtB1
Lcat_XP.045402503.1	dmrt_OG0:dmrtB1	dmrtB1
Emax_XP.049731502.1	dmrt_OG0:dmrtB1	dmrtB1
Ttru_XP.004325875.3	dmrt_OG0:dmrtB1	dmrtB1
Mang_XP.045755047.1	dmrt_OG0:dmrtB1	dmrtB1
Pafr_XP.047647463.1	dmrt_OG0:dmrtB1	dmrtB1
Opri_XP.004588846.2	dmrt_OG0:dmrtB1	dmrtB1
Cpor_XP.003464114.1	dmrt_OG0:dmrtB1	dmrtB1
Dnov_XP.058159531.1	dmrt_OG0:dmrtB1	dmrtB1
Cdid_XP.037665497.1	dmrt_OG0:dmrtB1	dmrtB1
Equa_XP.046516609.1	dmrt_OG0:dmrtB1	dmrtB1
Mdom_XP.056671081.1	dmrt_OG0:dmrtB1	dmrtB1
Csim_XP.014649261.1	dmrt_OG0:dmrtB1	dmrtB1
Cdro_XP.031321432.1	dmrt_OG0:dmrtB1	dmrtB1
Rfer_XP.032970385.1	dmrt_OG0:dmrtB1	dmrtB1
Clup_XP.038393419.1	dmrt_OG0:dmrtB1	dmrtB1
Tman_XP.012409672.2	dmrt_OG0:dmrtB1	dmrtB1
Ggal_NP.001232910.1	dmrt_OG0:dmrtB1	dmrtB1
Oafe_XP.007954175.1	dmrt_OG1:dmrt2	dmrt2
Hsap_NP.870987.2	dmrt_OG1:dmrt2	dmrt2
Dnov_XP.004459445.2	dmrt_OG1:dmrt2	dmrt2
Shar_XP.003761708.1	dmrt_OG1:dmrt2	dmrt2
Cpor_XP.005004778.1	dmrt_OG1:dmrt2	dmrt2
Ttru_XP.019790310.1	dmrt_OG1:dmrt2	dmrt2
Ggal_XP.003643035.3	dmrt_OG1:dmrt2	dmrt2
Mdom_XP.001374295.1	dmrt_OG1:dmrt2	dmrt2
Oana_XP.028911116.1	dmrt_OG1:dmrt2	dmrt2
Tman_XP.004373589.1	dmrt_OG1:dmrt2	dmrt2
Equa_XP.046519727.1	dmrt_OG1:dmrt2	dmrt2
Bmus_XP.036712720.1	dmrt_OG1:dmrt2	dmrt2
Cdid_XP.037653375.1	dmrt_OG1:dmrt2	dmrt2
Opri_XP.058513365.1	dmrt_OG1:dmrt2	dmrt2
Lcat_XP.045418965.1	dmrt_OG1:dmrt2	dmrt2
Cimi_XP.017373822.1	dmrt_OG1:dmrt2	dmrt2
Rfer_XP.032979206.1	dmrt_OG1:dmrt2	dmrt2
Pgig_XP.039723855.1	dmrt_OG1:dmrt2	dmrt2
Ptig_XP.042820943.1	dmrt_OG1:dmrt2	dmrt2
Hamp_XP.057579943.1	dmrt_OG1:dmrt2	dmrt2
Pafr_XP.047623676.1	dmrt_OG1:dmrt2	dmrt2
Cdro_XP.031305655.1	dmrt_OG1:dmrt2	dmrt2
Mmus_NP.665830.1	dmrt_OG1:dmrt2	dmrt2
Csim_XP.014650903.1	dmrt_OG1:dmrt2	dmrt2
Casi_XP.006863797.1	dmrt_OG1:dmrt2	dmrt2
Emax_XP.049752756.1	dmrt_OG1:dmrt2	dmrt2
Mjav_XP.017529816.2	dmrt_OG1:dmrt2	dmrt2
Amel_XP.034503257.1	dmrt_OG1:dmrt2	dmrt2
Clup_XP.038383091.1	dmrt_OG1:dmrt2	dmrt2
Mang_XP.045738142.1	dmrt_OG1:dmrt2	dmrt2
Bbub_XP.044795850.1	dmrt_OG1:dmrt2	dmrt2
Drot_XP.045047034.2	dmrt_OG1:dmrt2	dmrt2
Scar_XP.047380961.1	dmrt_OG1:dmrt2	dmrt2
Cdro_XP.031312888.1	dmrt_OG2:dmrtC2	dmrtC2
Clup_XP.038381591.1	dmrt_OG2:dmrtC2	dmrtC2
Csim_XP.004440164.1	dmrt_OG2:dmrtC2	NA
Casi_XP.006871451.1	dmrt_OG2:dmrtC2	dmrtC2
Mang_XP.045746349.1	dmrt_OG2:dmrtC2	dmrtC2
Bmus_XP.036690564.1	dmrt_OG2:dmrtC2	dmrtC2
Lcat_XP.045387563.1	dmrt_OG2:dmrtC2	dmrtC2
Hamp_XP.057568752.1	dmrt_OG2:dmrtC2	dmrtC2
Cdid_XP.037676589.1	dmrt_OG2:dmrtC2	dmrtC2
Pafr_XP.047644735.1	dmrt_OG2:dmrtC2	dmrtC2
Mmus_XP.017167796.1	dmrt_OG2:dmrtC2	dmrtC2
Equa_XP.046507274.1	dmrt_OG2:dmrtC2	NA
Oafe_XP.007941145.1	dmrt_OG2:dmrtC2	dmrtC2
Tman_XP.004388803.1	dmrt_OG2:dmrtC2	dmrtC2
Drot_XP.024433509.1	dmrt_OG2:dmrtC2	dmrtC2
Oana_XP.007664048.1	dmrt_OG2:dmrtC2	dmrtC2
Ttru_XP.033699919.1	dmrt_OG2:dmrtC2	dmrtC2
Amel_XP.034494561.1	dmrt_OG2:dmrtC2	dmrtC2
Opri_XP.058531141.1	dmrt_OG2:dmrtC2	dmrtC2
Pgig_XP.039731326.1	dmrt_OG2:dmrtC2	NA
Lcat_XP.045393814.1	dmrt_OG2:dmrtC2	NA
Lcat_XP.045393815.1	dmrt_OG2:dmrtC2	NA
Lcat_XP.045393818.1	dmrt_OG2:dmrtC2	NA
Scar_XP.047383853.1	dmrt_OG2:dmrtC2	dmrtC2
Pgig_XP.039705918.1	dmrt_OG2:dmrtC2	dmrtC2
Hsap_XP.016882612.1	dmrt_OG2:dmrtC2	dmrtC2
Equa_XP.046540061.1	dmrt_OG2:dmrtC2	NA
Mjav_XP.036869866.1	dmrt_OG2:dmrtC2	dmrtC2
Rfer_XP.032984641.1	dmrt_OG2:dmrtC2	dmrtC2
Shar_XP.031819119.1	dmrt_OG2:dmrtC2	dmrtC2
Emax_XP.049757407.1	dmrt_OG2:dmrtC2	dmrtC2
Lcat_XP.045393817.1	dmrt_OG2:dmrtC2	NA
Ptig_XP.042825393.1	dmrt_OG2:dmrtC2	dmrtC2
Bbub_XP.025124040.1	dmrt_OG2:dmrtC2	dmrtC2
Cimi_XP.037585356.1	dmrt_OG2:dmrtC2	dmrtC2
Cpor_XP.003464597.1	dmrt_OG2:dmrtC2	dmrtC2
Csim_XP.004443941.1	dmrt_OG2:dmrtC2	NA
Mdom_XP.007506399.1	dmrt_OG2:dmrtC2	dmrtC2
Dnov_XP.058135474.1	dmrt_OG2:dmrtC2	dmrtC2
Lcat_XP.045393811.1	dmrt_OG2:dmrtC2	NA
Hsap_NP.067063.1	dmrt_OG3:dmrt3	dmrt3
Rfer_XP.032979350.1	dmrt_OG3:dmrt3	dmrt3
Cimi_XP.017373824.1	dmrt_OG3:dmrt3	dmrt3
Oafe_XP.007954185.1	dmrt_OG3:dmrt3	dmrt3
Cdid_XP.037653502.1	dmrt_OG3:dmrt3	dmrt3
Mjav_XP.036847248.1	dmrt_OG3:dmrt3	dmrt3
Mmus_XP.006527129.1	dmrt_OG3:dmrt3	dmrt3
Equa_XP.046521022.1	dmrt_OG3:dmrt3	dmrt3
Drot_XP.053780057.1	dmrt_OG3:dmrt3	dmrt3
Hamp_XP.057581111.1	dmrt_OG3:dmrt3	dmrt3
Lcat_XP.045418289.1	dmrt_OG3:dmrt3	dmrt3
Clup_XP.038381546.1	dmrt_OG3:dmrt3	dmrt3
Bmus_XP.036712559.1	dmrt_OG3:dmrt3	dmrt3
Oana_XP.028910685.1	dmrt_OG3:dmrt3	dmrt3
Casi_XP.006863796.1	dmrt_OG3:dmrt3	dmrt3
Scar_XP.047381281.1	dmrt_OG3:dmrt3	dmrt3
Ptig_XP.042820871.1	dmrt_OG3:dmrt3	dmrt3
Cpor_XP.003472245.1	dmrt_OG3:dmrt3	dmrt3
Mdom_XP.001365681.1	dmrt_OG3:dmrt3	dmrt3
Csim_XP.004440708.1	dmrt_OG3:dmrt3	dmrt3
Emax_XP.049752714.1	dmrt_OG3:dmrt3	dmrt3
Opri_XP.004591889.2	dmrt_OG3:dmrt3	dmrt3
Shar_XP.031799800.1	dmrt_OG3:dmrt3	dmrt3
Cdro_XP.031305659.1	dmrt_OG3:dmrt3	dmrt3
Bbub_XP.025137363.1	dmrt_OG3:dmrt3	dmrt3
Pafr_XP.047625503.1	dmrt_OG3:dmrt3	dmrt3
Mang_XP.045737886.1	dmrt_OG3:dmrt3	dmrt3
Dnov_XP.004459447.2	dmrt_OG3:dmrt3	dmrt3
Pgig_XP.039743957.1	dmrt_OG3:dmrt3	dmrt3
Ttru_XP.019789710.1	dmrt_OG3:dmrt3	dmrt3
Ggal_XP.429193.2	dmrt_OG3:dmrt3	dmrt3
Amel_XP.034503143.1	dmrt_OG3:dmrt3	dmrt3
Oafe_XP.007954174.1	dmrt_OG4:dmrt1	dmrt1
Mdom_XP.001365618.1	dmrt_OG4:dmrt1	dmrt1
Tman_XP.004373524.1	dmrt_OG4:dmrt1	dmrt1
Cdro_XP.031305660.1	dmrt_OG4:dmrt1	dmrt1
Bmus_XP.036711655.1	dmrt_OG4:dmrt1	dmrt1
Shar_XP.031799789.1	dmrt_OG4:dmrt1	dmrt1
Equa_XP.046519850.1	dmrt_OG4:dmrt1	dmrt1
Bbub_XP.025137364.1	dmrt_OG4:dmrt1	dmrt1
Hsap_XP.006716795.1	dmrt_OG4:dmrt1	dmrt1
Pafr_XP.047625504.1	dmrt_OG4:dmrt1	dmrt1
Drot_XP.053774861.1	dmrt_OG4:dmrt1	dmrt1
Cpor_XP.023421841.1	dmrt_OG4:dmrt1	dmrt1
Mang_XP.045738144.1	dmrt_OG4:dmrt1	dmrt1
Emax_XP.049752111.1	dmrt_OG4:dmrt1	dmrt1
Clup_XP.038383087.1	dmrt_OG4:dmrt1	dmrt1
Ptig_XP.042820071.1	dmrt_OG4:dmrt1	dmrt1
Mmus_NP.056641.2	dmrt_OG4:dmrt1	dmrt1
Opri_XP.058513291.1	dmrt_OG4:dmrt1	dmrt1
Csim_XP.014650940.1	dmrt_OG4:dmrt1	dmrt1
Pgig_XP.039744060.1	dmrt_OG4:dmrt1	dmrt1
Ggal_XP.040511578.1	dmrt_OG4:dmrt1	dmrt1
Oana_XP.028910684.1	dmrt_OG4:dmrt1	dmrt1
Amel_XP.011224113.2	dmrt_OG4:dmrt1	dmrt1
Ttru_XP.033714027.1	dmrt_OG4:dmrt1	dmrt1
Cdid_XP.037653737.1	dmrt_OG4:dmrt1	dmrt1
Hamp_XP.057579864.1	dmrt_OG4:dmrt1	dmrt1
Rfer_XP.032979671.1	dmrt_OG4:dmrt1	dmrt1
Casi_XP.006863795.1	dmrt_OG4:dmrt1	dmrt1
Scar_XP.047381742.1	dmrt_OG4:dmrt1	dmrt1
Mjav_XP.036847220.1	dmrt_OG4:dmrt1	dmrt1
Lcat_XP.045418248.1	dmrt_OG4:dmrt1	dmrt1
Cimi_XP.017373819.1	dmrt_OG4:dmrt1	dmrt1
Dnov_XP.058158898.1	dmrt_OG4:dmrt1	dmrt1
Oana_XP.039766676.1	dmrt_OG5:dmrtA1	dmrtA1
Cimi_XP.017401520.1	dmrt_OG5:dmrtA1	dmrtA1
Mdom_XP.001374014.2	dmrt_OG5:dmrtA1	dmrtA1
Mang_XP.045737916.1	dmrt_OG5:dmrtA1	dmrtA1
Bmus_XP.036712737.1	dmrt_OG5:dmrtA1	dmrtA1
Tman_XP.004373619.1	dmrt_OG5:dmrtA1	dmrtA1
Hsap_NP.071443.2	dmrt_OG5:dmrtA1	dmrtA1
Emax_XP.049751570.1	dmrt_OG5:dmrtA1	dmrtA1
Drot_XP.053780867.1	dmrt_OG5:dmrtA1	dmrtA1
Scar_XP.047381594.1	dmrt_OG5:dmrtA1	dmrtA1
Hamp_XP.057580644.1	dmrt_OG5:dmrtA1	dmrtA1
Ttru_XP.004321228.1	dmrt_OG5:dmrtA1	dmrtA1
Opri_XP.058528639.1	dmrt_OG5:dmrtA1	dmrtA1
Rfer_XP.032978102.1	dmrt_OG5:dmrtA1	dmrtA1
Amel_XP.034519591.1	dmrt_OG5:dmrtA1	dmrtA1
Clup_XP.038408464.1	dmrt_OG5:dmrtA1	dmrtA1
Oafe_XP.007946600.1	dmrt_OG5:dmrtA1	dmrtA1
Pafr_XP.047625485.1	dmrt_OG5:dmrtA1	dmrtA1
Pgig_XP.039736661.1	dmrt_OG5:dmrtA1	dmrtA1
Cpor_XP.003478909.1	dmrt_OG5:dmrtA1	dmrtA1
Mmus_NP.783578.1	dmrt_OG5:dmrtA1	dmrtA1
Lcat_XP.045418524.1	dmrt_OG5:dmrtA1	dmrtA1
Bbub_XP.006067119.4	dmrt_OG5:dmrtA1	dmrtA1
Cdro_XP.010982933.2	dmrt_OG5:dmrtA1	dmrtA1
Csim_XP.004428451.1	dmrt_OG5:dmrtA1	dmrtA1
Mjav_XP.017516191.1	dmrt_OG5:dmrtA1	dmrtA1
Ptig_XP.007098573.2	dmrt_OG5:dmrtA1	dmrtA1
Casi_XP.006864558.1	dmrt_OG5:dmrtA1	dmrtA1
Cdid_XP.037653778.1	dmrt_OG5:dmrtA1	dmrtA1
Equa_XP.046520805.1	dmrt_OG5:dmrtA1	dmrtA1
Dnov_XP.004456130.1	dmrt_OG5:dmrtA1	dmrtA1
Ggal_XP.015146712.1	dmrt_OG6:dmrtA2	dmrtA2
Amel_XP.034508227.1	dmrt_OG6:dmrtA2	dmrtA2
Opri_XP.004588718.2	dmrt_OG6:dmrtA2	dmrtA2
Oana_XP.028902450.1	dmrt_OG6:dmrtA2	dmrtA2
Bbub_XP.025145263.1	dmrt_OG6:dmrtA2	dmrtA2
Oafe_XP.007944067.1	dmrt_OG6:dmrtA2	dmrtA2
Dnov_XP.004476539.1	dmrt_OG6:dmrtA2	dmrtA2
Cdid_XP.037672757.1	dmrt_OG6:dmrtA2	dmrtA2
Pgig_XP.039741660.1	dmrt_OG6:dmrtA2	dmrtA2
Hsap_NP.115486.1	dmrt_OG6:dmrtA2	dmrtA2
Mmus_NP.758500.2	dmrt_OG6:dmrtA2	dmrtA2
Ttru_XP.019793397.2	dmrt_OG6:dmrtA2	dmrtA2
Hamp_XP.057564703.1	dmrt_OG6:dmrtA2	dmrtA2
Csim_XP.014649324.1	dmrt_OG6:dmrtA2	dmrtA2
Bmus_XP.036726057.1	dmrt_OG6:dmrtA2	dmrtA2
Clup_XP.038413502.1	dmrt_OG6:dmrtA2	dmrtA2
Mjav_XP.036877643.1	dmrt_OG6:dmrtA2	dmrtA2
Pafr_XP.047648562.1	dmrt_OG6:dmrtA2	dmrtA2
Cdro_XP.031320961.1	dmrt_OG6:dmrtA2	dmrtA2
Cimi_XP.017404203.1	dmrt_OG6:dmrtA2	dmrtA2
Scar_XP.047394472.1	dmrt_OG6:dmrtA2	dmrtA2
Mang_XP.045751377.1	dmrt_OG6:dmrtA2	dmrtA2
Casi_XP.006839813.1	dmrt_OG6:dmrtA2	dmrtA2
Tman_XP.023582760.1	dmrt_OG6:dmrtA2	dmrtA2
Drot_XP.045060264.2	dmrt_OG6:dmrtA2	dmrtA2
Lcat_XP.045402400.1	dmrt_OG6:dmrtA2	dmrtA2
Rfer_XP.032969204.1	dmrt_OG6:dmrtA2	dmrtA2
Emax_XP.049731145.1	dmrt_OG6:dmrtA2	dmrtA2
Mdom_XP.001362692.2	dmrt_OG6:dmrtA2	dmrtA2
Cpor_XP.003463125.2	dmrt_OG6:dmrtA2	dmrtA2
Equa_XP.046516465.1	dmrt_OG6:dmrtA2	dmrtA2
Ptig_XP.042853035.1	dmrt_OG6:dmrtA2	dmrtA2
Cimi_XP.017353253.1	fox_OG0:NA	NA
Cimi_XP.037600788.1	fox_OG1:NA	NA
Tman_XP.023591424.1	fox_OG2:foxM1	foxM1
Bbub_XP.025138819.3	fox_OG2:foxM1	foxM1
Casi_XP.006862752.1	fox_OG2:foxM1	foxM1
Emax_XP.049738130.1	fox_OG2:foxM1	foxM1
Oafe_XP.007935251.1	fox_OG2:foxM1	foxM1
Drot_XP.053777572.1	fox_OG2:foxM1	foxM1
Ttru_XP.019781496.1	fox_OG2:foxM1	foxM1
Csim_XP.014649484.1	fox_OG2:foxM1	foxM1
Pafr_XP.047643777.1	fox_OG2:foxM1	foxM1
Oana_XP.028910212.1	fox_OG2:foxM1	foxM1
Mang_XP.045727136.1	fox_OG2:foxM1	foxM1
Opri_XP.058511953.1	fox_OG2:foxM1	foxM1
Pgig_XP.039725073.1	fox_OG2:foxM1	foxM1
Bmus_XP.036723013.1	fox_OG2:foxM1	foxM1
Dnov_XP.058156702.1	fox_OG2:foxM1	foxM1
Mjav_XP.017520172.2	fox_OG2:foxM1	foxM1
Amel_XP.034501532.1	fox_OG2:foxM1	foxM1
Equa_XP.046512461.1	fox_OG2:foxM1	foxM1
Dnov_XP.012379785.1	fox_OG2:foxM1	foxM1
Clup_XP.038432360.1	fox_OG2:foxM1	foxM1
Mdom_XP.056655089.1	fox_OG2:foxM1	foxM1
Rfer_XP.032974271.1	fox_OG2:foxM1	foxM1
Hamp_XP.057558870.1	fox_OG2:foxM1	foxM1
Cdro_XP.031300170.1	fox_OG2:foxM1	foxM1
Ptig_XP.042847499.1	fox_OG2:foxM1	foxM1
Shar_XP.031795171.1	fox_OG2:foxM1	foxM1
Ggal_XP.046799087.1	fox_OG2:foxM1	foxM1
Cdid_XP.037702327.1	fox_OG2:foxM1	foxM1
Mmus_NP.032047.4	fox_OG3:foxM1	foxM1
Cpor_XP.013000601.1	fox_OG3:foxM1	foxM1
Scar_XP.047405644.1	fox_OG3:foxM1	foxM1
Ggal_XP.015153061.3	fox_OG4:foxO6	foxO6
Cimi_XP.017397276.1	fox_OG4:foxO6	foxO6
Mdom_XP.001381541.2	fox_OG4:foxO6	foxO6
Pafr_XP.047645485.1	fox_OG4:foxO6	foxO6
Mmus_NP.918949.1	fox_OG4:foxO6	foxO6
Emax_XP.049731901.1	fox_OG4:foxO6	foxO6
Scar_XP.047415675.1	fox_OG4:foxO6	foxO6
Ptig_XP.042852325.1	fox_OG4:foxO6	foxO6
Ttru_XP.033692835.1	fox_OG4:foxO6	foxO6
Rfer_XP.032969239.1	fox_OG4:foxO6	foxO6
Tman_XP.023582811.1	fox_OG4:foxO6	foxO6
Pgig_XP.039732650.1	fox_OG4:foxO6	foxO6
Cdro_XP.010997575.2	fox_OG4:foxO6	foxO6
Bmus_XP.036684744.1	fox_OG4:foxO6	foxO6
Casi_XP.006867666.1	fox_OG4:foxO6	foxO6
Oana_XP.028936057.1	fox_OG4:foxO6	foxO6
Hsap_NP.001278210.2	fox_OG4:foxO6	foxO6
Clup_XP.038413629.1	fox_OG4:foxO6	foxO6
Oafe_XP.007950907.1	fox_OG4:foxO6	foxO6
Bbub_XP.044801109.1	fox_OG4:foxO6	foxO6
Hamp_XP.057605223.1	fox_OG4:foxO6	foxO6
Cpor_XP.004999818.1	fox_OG4:foxO6	foxO6
Dnov_XP.058159776.1	fox_OG4:foxO6	foxO6
Mang_XP.045753906.1	fox_OG4:foxO6	foxO6
Csim_XP.014639249.1	fox_OG4:foxO6	foxO6
Amel_XP.034509638.1	fox_OG4:foxO6	foxO6
Shar_XP.031818190.1	fox_OG4:foxO6	foxO6
Opri_XP.004591579.1	fox_OG4:foxO6	foxO6
Mjav_XP.036858263.1	fox_OG4:foxO6	foxO6
Lcat_XP.045404045.1	fox_OG4:foxO6	foxO6
Drot_XP.053776876.1	fox_OG4:foxO6	foxO6
Equa_XP.046516690.1	fox_OG4:foxO6	foxO6
Cdid_XP.037673411.1	fox_OG4:foxO6	foxO6
Oana_XP.028918467.1	fox_OG5:foxH1	foxH1
Mjav_XP.017499188.2	fox_OG5:foxH1	foxH1
Scar_XP.053599327.1	fox_OG5:foxH1	foxH1
Cpor_XP.003463743.1	fox_OG5:foxH1	foxH1
Bmus_XP.036686706.1	fox_OG5:foxH1	foxH1
Mjav_XP.036859882.1	fox_OG5:foxH1	foxH1
Shar_XP.031803442.1	fox_OG5:foxH1	foxH1
Emax_XP.049710232.1	fox_OG5:foxH1	foxH1
Dnov_XP.058132182.1	fox_OG5:foxH1	foxH1
Rfer_XP.032982232.1	fox_OG5:foxH1	foxH1
Tman_XP.004387459.1	fox_OG5:foxH1	foxH1
Opri_XP.004580951.4	fox_OG5:foxH1	foxH1
Cdid_XP.037659123.1	fox_OG5:foxH1	foxH1
Mang_XP.045751338.1	fox_OG5:foxH1	foxH1
Ttru_XP.033698705.1	fox_OG5:foxH1	foxH1
Ptig_XP.042829602.1	fox_OG5:foxH1	foxH1
Bbub_XP.006064665.1	fox_OG5:foxH1	foxH1
Mmus_NP.032015.1	fox_OG5:foxH1	foxH1
Clup_XP.038411781.1	fox_OG5:foxH1	foxH1
Cimi_XP.017367179.1	fox_OG5:foxH1	foxH1
Drot_XP.024428211.1	fox_OG5:foxH1	foxH1
Amel_XP.034524715.1	fox_OG5:foxH1	foxH1
Mang_XP.045751622.1	fox_OG5:foxH1	foxH1
Oafe_XP.007954253.1	fox_OG5:foxH1	foxH1
Hsap_NP.003914.1	fox_OG5:foxH1	foxH1
Csim_XP.004443058.1	fox_OG5:foxH1	foxH1
Cdro_XP.010997045.2	fox_OG5:foxH1	foxH1
Casi_XP.006830949.1	fox_OG5:foxH1	foxH1
Pafr_XP.047641595.1	fox_OG5:foxH1	foxH1
Equa_XP.046497693.1	fox_OG5:foxH1	foxH1
Pgig_XP.039702105.1	fox_OG5:foxH1	foxH1
Hamp_XP.057592839.1	fox_OG5:foxH1	foxH1
Mdom_XP.016288146.2	fox_OG5:foxH1	foxH1
Lcat_XP.045417128.1	fox_OG5:foxH1	foxH1
Ggal_XP.001234496.5	fox_OG6:foxO3-3B	foxO3/foxO3B
Mdom_XP.001368493.2	fox_OG6:foxO3-3B	foxO3/foxO3B
Bmus_XP.036727351.1	fox_OG6:foxO3-3B	foxO3/foxO3B
Equa_XP.046532634.1	fox_OG6:foxO3-3B	foxO3/foxO3B
Emax_XP.049752199.1	fox_OG6:foxO3-3B	foxO3/foxO3B
Hsap_NP.001355064.1	fox_OG6:foxO3-3B	foxO3/foxO3B
Shar_XP.023358910.2	fox_OG6:foxO3-3B	foxO3/foxO3B
Pgig_XP.039725886.1	fox_OG6:foxO3-3B	foxO3/foxO3B
Cdid_XP.037698233.1	fox_OG6:foxO3-3B	foxO3/foxO3B
Cimi_XP.037599874.1	fox_OG6:foxO3-3B	foxO3/foxO3B
Bbub_XP.044780301.2	fox_OG6:foxO3-3B	foxO3/foxO3B
Opri_XP.058515970.1	fox_OG6:foxO3-3B	foxO3/foxO3B
Pafr_XP.047618159.1	fox_OG6:foxO3-3B	foxO3/foxO3B
Mmus_NP.062714.1	fox_OG6:foxO3-3B	foxO3/foxO3B
Oafe_XP.007939014.1	fox_OG6:foxO3-3B	foxO3/foxO3B
Clup_XP.038410808.1	fox_OG6:foxO3-3B	foxO3/foxO3B
Dnov_XP.058163213.1	fox_OG6:foxO3-3B	foxO3/foxO3B
Scar_XP.047415677.1	fox_OG6:foxO3-3B	foxO3/foxO3B
Ptig_XP.042842859.1	fox_OG6:foxO3-3B	foxO3/foxO3B
Mang_XP.045721230.1	fox_OG6:foxO3-3B	foxO3/foxO3B
Casi_XP.006840010.1	fox_OG6:foxO3-3B	foxO3/foxO3B
Mjav_XP.036868157.1	fox_OG6:foxO3-3B	foxO3/foxO3B
Cpor_XP.023419223.1	fox_OG6:foxO3-3B	foxO3/foxO3B
Hsap_NP.963853.1	fox_OG6:foxO3-3B	foxO3/foxO3B
Drot_XP.024407555.2	fox_OG6:foxO3-3B	foxO3/foxO3B
Lcat_XP.045400090.1	fox_OG6:foxO3-3B	foxO3/foxO3B
Ttru_XP.033723495.1	fox_OG6:foxO3-3B	foxO3/foxO3B
Oana_XP.001511165.3	fox_OG6:foxO3-3B	foxO3/foxO3B
Csim_XP.014636634.1	fox_OG6:foxO3-3B	foxO3/foxO3B
Cdro_XP.031311979.1	fox_OG6:foxO3-3B	foxO3/foxO3B
Tman_XP.023583398.1	fox_OG6:foxO3-3B	foxO3/foxO3B
Amel_XP.034524842.1	fox_OG6:foxO3-3B	foxO3/foxO3B
Rfer_XP.032957487.1	fox_OG6:foxO3-3B	foxO3/foxO3B
Hamp_XP.057593622.1	fox_OG6:foxO3-3B	foxO3/foxO3B
Shar_XP.023352140.2	fox_OG7:foxQ1	foxQ1
Mang_XP.045721917.1	fox_OG7:foxQ1	foxQ1
Oana_XP.039766532.1	fox_OG7:foxQ1	foxQ1
Mdom_XP.007488113.2	fox_OG7:foxQ1	foxQ1
Oana_XP.039766897.1	fox_OG7:foxQ1	foxQ1
Lcat_XP.045407521.1	fox_OG7:foxQ1	foxQ1
Csim_XP.014639916.1	fox_OG7:foxQ1	foxQ1
Rfer_XP.032969223.1	fox_OG7:foxQ1	foxQ1
Emax_XP.049738363.1	fox_OG7:foxQ1	foxQ1
Scar_XP.047414319.1	fox_OG7:foxQ1	foxQ1
Drot_XP.024408099.2	fox_OG7:foxQ1	foxQ1
Ggal_XP.015137671.3	fox_OG7:foxQ1	foxQ1
Clup_XP.038440419.1	fox_OG7:foxQ1	foxQ1
Bmus_XP.036726386.1	fox_OG7:foxQ1	foxQ1
Hamp_XP.057556649.1	fox_OG7:foxQ1	foxQ1
Ttru_XP.019800554.1	fox_OG7:foxQ1	foxQ1
Cdid_XP.037700042.1	fox_OG7:foxQ1	foxQ1
Cdro_XP.031291204.1	fox_OG7:foxQ1	foxQ1
Equa_XP.046496965.1	fox_OG7:foxQ1	foxQ1
Mjav_XP.036867494.1	fox_OG7:foxQ1	foxQ1
Ptig_XP.042841203.1	fox_OG7:foxQ1	foxQ1
Bbub_XP.025120519.3	fox_OG7:foxQ1	foxQ1
Mmus_NP.032265.3	fox_OG7:foxQ1	foxQ1
Cimi_XP.017352994.1	fox_OG7:foxQ1	foxQ1
Opri_XP.058528571.1	fox_OG7:foxQ1	foxQ1
Dnov_XP.058141147.1	fox_OG7:foxQ1	foxQ1
Oafe_XP.007933584.1	fox_OG7:foxQ1	foxQ1
Pgig_XP.039725409.1	fox_OG7:foxQ1	foxQ1
Casi_XP.006870628.1	fox_OG7:foxQ1	foxQ1
Pafr_XP.047651460.1	fox_OG7:foxQ1	foxQ1
Hsap_NP.150285.3	fox_OG7:foxQ1	foxQ1
Cimi_XP.037597639.1	fox_OG8:foxG1	foxG1
Lcat_XP.045411043.1	fox_OG8:foxG1	foxG1
Cdro_XP.010984479.2	fox_OG8:foxG1	foxG1
Rfer_XP.032965585.1	fox_OG8:foxG1	foxG1
Drot_XP.024407046.1	fox_OG8:foxG1	foxG1
Pafr_XP.047651592.1	fox_OG8:foxG1	foxG1
Oana_XP.039770060.1	fox_OG8:foxG1	foxG1
Pgig_XP.039726380.1	fox_OG8:foxG1	foxG1
Dnov_XP.058149613.1	fox_OG8:foxG1	foxG1
Mdom_XP.001364896.1	fox_OG8:foxG1	foxG1
Mang_XP.045757915.1	fox_OG8:foxG1	foxG1
Mjav_XP.017501197.2	fox_OG8:foxG1	foxG1
Emax_XP.049754324.1	fox_OG8:foxG1	foxG1
Ttru_XP.019779874.1	fox_OG8:foxG1	foxG1
Cdid_XP.037690644.1	fox_OG8:foxG1	foxG1
Hsap_NP.005240.3	fox_OG8:foxG1	foxG1
Shar_XP.031808132.1	fox_OG8:foxG1	foxG1
Ptig_XP.042845427.1	fox_OG8:foxG1	foxG1
Scar_XP.047396708.1	fox_OG8:foxG1	foxG1
Clup_XP.038400306.1	fox_OG8:foxG1	foxG1
Hamp_XP.057580105.1	fox_OG8:foxG1	foxG1
Casi_XP.006835434.1	fox_OG8:foxG1	foxG1
Opri_XP.058521348.1	fox_OG8:foxG1	foxG1
Bmus_XP.036700190.1	fox_OG8:foxG1	foxG1
Bbub_XP.025126917.1	fox_OG8:foxG1	foxG1
Mmus_NP.001153584.1	fox_OG8:foxG1	foxG1
Ggal_NP.989659.2	fox_OG9:foxO1	foxO1
Cimi_XP.017397972.1	fox_OG9:foxO1	foxO1
Rfer_XP.032960350.1	fox_OG9:foxO1	foxO1
Casi_XP.006873780.1	fox_OG9:foxO1	foxO1
Pgig_XP.039695386.1	fox_OG9:foxO1	foxO1
Dnov_XP.058132895.1	fox_OG9:foxO1	foxO1
Ttru_XP.019792245.1	fox_OG9:foxO1	foxO1
Oana_XP.001512968.3	fox_OG9:foxO1	foxO1
Hsap_NP.002006.2	fox_OG9:foxO1	foxO1
Mang_XP.045725787.1	fox_OG9:foxO1	foxO1
Bmus_XP.036687548.1	fox_OG9:foxO1	foxO1
Amel_XP.034519677.1	fox_OG9:foxO1	foxO1
Scar_XP.047409558.1	fox_OG9:foxO1	foxO1
Mmus_NP.062713.2	fox_OG9:foxO1	foxO1
Opri_XP.012782130.2	fox_OG9:foxO1	foxO1
Cdid_XP.037656524.1	fox_OG9:foxO1	foxO1
Mjav_XP.036867814.1	fox_OG9:foxO1	foxO1
Cdro_XP.031321792.1	fox_OG9:foxO1	foxO1
Lcat_XP.045423168.1	fox_OG9:foxO1	foxO1
Clup_XP.038429080.1	fox_OG9:foxO1	foxO1
Cpor_XP.023416198.1	fox_OG9:foxO1	foxO1
Drot_XP.024424320.2	fox_OG9:foxO1	foxO1
Mdom_XP.001368312.2	fox_OG9:foxO1	foxO1
Shar_XP.003764601.3	fox_OG9:foxO1	foxO1
Csim_XP.004443237.1	fox_OG9:foxO1	foxO1
Tman_XP.023597991.1	fox_OG9:foxO1	foxO1
Emax_XP.049709381.1	fox_OG9:foxO1	foxO1
Pafr_XP.047611907.1	fox_OG9:foxO1	foxO1
Bbub_XP.006065837.2	fox_OG9:foxO1	foxO1
Ptig_XP.007097795.2	fox_OG9:foxO1	foxO1
Hamp_XP.057563333.1	fox_OG9:foxO1	foxO1
Oafe_XP.007943433.1	fox_OG9:foxO1	foxO1
Mang_XP.045725786.1	fox_OG9:foxO1	foxO1
Ggal_XP.015134143.3	fox_OG10:foxO4	foxO4
Casi_XP.006868595.1	fox_OG10:foxO4	foxO4
Mdom_XP.056665439.1	fox_OG10:foxO4	foxO4
Csim_XP.004439923.1	fox_OG10:foxO4	foxO4
Cdid_XP.037677588.1	fox_OG10:foxO4	foxO4
Hsap_NP.005929.2	fox_OG10:foxO4	foxO4
Emax_XP.049727631.1	fox_OG10:foxO4	foxO4
Ptig_XP.007099158.2	fox_OG10:foxO4	foxO4
Drot_XP.053773393.1	fox_OG10:foxO4	foxO4
Bmus_XP.036696517.1	fox_OG10:foxO4	foxO4
Oafe_XP.007957073.1	fox_OG10:foxO4	foxO4
Cimi_XP.017372253.1	fox_OG10:foxO4	foxO4
Mjav_XP.017525885.1	fox_OG10:foxO4	foxO4
Rfer_XP.032969557.1	fox_OG10:foxO4	foxO4
Pafr_XP.047621021.1	fox_OG10:foxO4	foxO4
Mmus_NP.061259.1	fox_OG10:foxO4	foxO4
Mang_XP.045735285.1	fox_OG10:foxO4	foxO4
Pgig_XP.039697652.1	fox_OG10:foxO4	foxO4
Scar_XP.047393133.1	fox_OG10:foxO4	foxO4
Oana_XP.039768253.1	fox_OG10:foxO4	foxO4
Dnov_XP.058146903.1	fox_OG10:foxO4	foxO4
Cdid_XP.037678715.1	fox_OG10:foxO4	foxO4
Amel_XP.002929104.1	fox_OG10:foxO4	foxO4
Tman_XP.023590438.1	fox_OG10:foxO4	foxO4
Clup_XP.038443581.1	fox_OG10:foxO4	foxO4
Cpor_XP.013009181.1	fox_OG10:foxO4	foxO4
Lcat_XP.045394627.1	fox_OG10:foxO4	foxO4
Hamp_XP.057575075.1	fox_OG10:foxO4	foxO4
Bbub_XP.006076433.1	fox_OG10:foxO4	foxO4
Ttru_XP.033705152.1	fox_OG10:foxO4	foxO4
Equa_XP.046529856.1	fox_OG10:foxO4	foxO4
Opri_XP.004595290.1	fox_OG10:foxO4	foxO4
Drot_XP.053773548.1	fox_OG10:foxO4	foxO4
Cdro_XP.010977055.2	fox_OG10:foxO4	foxO4
Pgig_XP.039724773.1	fox_OG11:foxJ3	foxJ3
Mdom_XP.007492986.2	fox_OG11:foxJ3	foxJ3
Lcat_XP.045401678.1	fox_OG11:foxJ3	foxJ3
Shar_XP.031818195.1	fox_OG11:foxJ3	foxJ3
Equa_XP.046517148.1	fox_OG11:foxJ3	foxJ3
Mjav_XP.036858181.1	fox_OG11:foxJ3	foxJ3
Oafe_XP.007953745.1	fox_OG11:foxJ3	foxJ3
Mmus_NP.766287.1	fox_OG11:foxJ3	foxJ3
Drot_XP.024410422.2	fox_OG11:foxJ3	foxJ3
Tman_XP.023582916.1	fox_OG11:foxJ3	foxJ3
Dnov_XP.004477472.1	fox_OG11:foxJ3	foxJ3
Hsap_XP.005270689.1	fox_OG11:foxJ3	foxJ3
Csim_XP.004443185.1	fox_OG11:foxJ3	foxJ3
Scar_XP.047408133.1	fox_OG11:foxJ3	foxJ3
Cimi_XP.017397267.1	fox_OG11:foxJ3	foxJ3
Bmus_XP.036706277.1	fox_OG11:foxJ3	foxJ3
Cdid_XP.037683454.1	fox_OG11:foxJ3	foxJ3
Cpor_XP.004999975.1	fox_OG11:foxJ3	foxJ3
Oana_XP.028921226.1	fox_OG11:foxJ3	foxJ3
Bbub_XP.044801100.1	fox_OG11:foxJ3	foxJ3
Ttru_XP.019793563.1	fox_OG11:foxJ3	foxJ3
Casi_XP.006839889.1	fox_OG11:foxJ3	foxJ3
Clup_XP.038413618.1	fox_OG11:foxJ3	foxJ3
Emax_XP.049734920.1	fox_OG11:foxJ3	foxJ3
Pafr_XP.047645481.1	fox_OG11:foxJ3	foxJ3
Mang_XP.054368911.1	fox_OG11:foxJ3	foxJ3
Opri_XP.058535693.1	fox_OG11:foxJ3	foxJ3
Amel_XP.011233273.1	fox_OG11:foxJ3	foxJ3
Hamp_XP.057563297.1	fox_OG11:foxJ3	foxJ3
Ptig_XP.042852753.1	fox_OG11:foxJ3	foxJ3
Cdro_XP.031320784.1	fox_OG11:foxJ3	foxJ3
Oana_XP.028910333.1	fox_OG12:foxJ2	foxJ2
Hamp_XP.057559090.1	fox_OG12:foxJ2	foxJ2
Pafr_XP.047643563.1	fox_OG12:foxJ2	foxJ2
Ttru_XP.033722947.1	fox_OG12:foxJ2	foxJ2
Pgig_XP.039730188.1	fox_OG12:foxJ2	foxJ2
Hsap_XP.011519063.1	fox_OG12:foxJ2	foxJ2
Equa_XP.046526439.1	fox_OG12:foxJ2	foxJ2
Shar_XP.031794189.1	fox_OG12:foxJ2	foxJ2
Scar_XP.047406645.1	fox_OG12:foxJ2	foxJ2
Cimi_XP.017367793.1	fox_OG12:foxJ2	foxJ2
Csim_XP.004438721.1	fox_OG12:foxJ2	foxJ2
Emax_XP.049738321.1	fox_OG12:foxJ2	foxJ2
Tman_XP.004387308.1	fox_OG12:foxJ2	foxJ2
Bmus_XP.036722276.1	fox_OG12:foxJ2	foxJ2
Dnov_XP.004455323.1	fox_OG12:foxJ2	foxJ2
Mmus_NP.068699.1	fox_OG12:foxJ2	foxJ2
Bbub_XP.025138942.2	fox_OG12:foxJ2	foxJ2
Casi_XP.006875525.1	fox_OG12:foxJ2	foxJ2
Mjav_XP.017507797.1	fox_OG12:foxJ2	foxJ2
Drot_XP.053777818.1	fox_OG12:foxJ2	foxJ2
Mdom_XP.001364301.2	fox_OG12:foxJ2	foxJ2
Rfer_XP.032973158.1	fox_OG12:foxJ2	foxJ2
Cdro_XP.031300018.1	fox_OG12:foxJ2	foxJ2
Opri_XP.004596477.2	fox_OG12:foxJ2	foxJ2
Cpor_XP.003470329.1	fox_OG12:foxJ2	foxJ2
Ptig_XP.042847649.1	fox_OG12:foxJ2	foxJ2
Ggal_XP.046759046.1	fox_OG12:foxJ2	foxJ2
Amel_XP.034501007.1	fox_OG12:foxJ2	foxJ2
Oafe_XP.007935347.1	fox_OG12:foxJ2	foxJ2
Mang_XP.045729866.1	fox_OG12:foxJ2	foxJ2
Lcat_XP.045410352.1	fox_OG12:foxJ2	foxJ2
Cdid_XP.037701021.1	fox_OG12:foxJ2	foxJ2
Clup_XP.038432619.1	fox_OG12:foxJ2	foxJ2
Opri_XP.004592944.1	fox_OG13:foxJ1	foxJ1
Bmus_XP.036692694.1	fox_OG13:foxJ1	foxJ1
Ttru_XP.033703524.1	fox_OG13:foxJ1	foxJ1
Mdom_XP.016286122.1	fox_OG13:foxJ1	foxJ1
Pafr_XP.047614731.1	fox_OG13:foxJ1	foxJ1
Mjav_XP.017529912.2	fox_OG13:foxJ1	foxJ1
Cpor_XP.003461484.1	fox_OG13:foxJ1	foxJ1
Mmus_XP.006532332.1	fox_OG13:foxJ1	foxJ1
Ptig_XP.042823405.1	fox_OG13:foxJ1	foxJ1
Equa_XP.046530684.1	fox_OG13:foxJ1	foxJ1
Clup_XP.038402010.1	fox_OG13:foxJ1	foxJ1
Emax_XP.049715791.1	fox_OG13:foxJ1	foxJ1
Oana_XP.028912588.1	fox_OG13:foxJ1	foxJ1
Tman_XP.004374194.1	fox_OG13:foxJ1	foxJ1
Drot_XP.045046069.2	fox_OG13:foxJ1	foxJ1
Hsap_NP.001445.2	fox_OG13:foxJ1	foxJ1
Pgig_XP.039715456.1	fox_OG13:foxJ1	foxJ1
Cimi_XP.017391310.1	fox_OG13:foxJ1	foxJ1
Rfer_XP.032946522.1	fox_OG13:foxJ1	foxJ1
Lcat_XP.045381684.1	fox_OG13:foxJ1	foxJ1
Dnov_XP.004454510.2	fox_OG13:foxJ1	foxJ1
Ggal_NP.001308464.2	fox_OG13:foxJ1	foxJ1
Hamp_XP.057572756.1	fox_OG13:foxJ1	foxJ1
Cdro_XP.031325009.1	fox_OG13:foxJ1	foxJ1
Oafe_XP.007957820.1	fox_OG13:foxJ1	foxJ1
Amel_XP.034497541.1	fox_OG13:foxJ1	foxJ1
Cdid_XP.037665215.1	fox_OG13:foxJ1	foxJ1
Shar_XP.031821724.1	fox_OG13:foxJ1	foxJ1
Scar_XP.047399365.1	fox_OG13:foxJ1	foxJ1
Csim_XP.004432853.1	fox_OG13:foxJ1	foxJ1
Casi_XP.006869617.1	fox_OG13:foxJ1	foxJ1
Bbub_XP.006045356.1	fox_OG13:foxJ1	foxJ1
Mang_XP.045743961.1	fox_OG13:foxJ1	foxJ1
Oana_XP.039768325.1	fox_OG14:foxP3	foxP3
Pgig_XP.039699607.1	fox_OG14:foxP3	foxP3
Csim_XP.014646458.1	fox_OG14:foxP3	foxP3
Equa_XP.046528495.1	fox_OG14:foxP3	foxP3
Cpor_XP.023417629.1	fox_OG14:foxP3	foxP3
Rfer_XP.032973683.1	fox_OG14:foxP3	foxP3
Oafe_XP.007956564.1	fox_OG14:foxP3	foxP3
Shar_XP.023363009.2	fox_OG14:foxP3	foxP3
Bmus_XP.036695836.1	fox_OG14:foxP3	foxP3
Mdom_XP.056665055.1	fox_OG14:foxP3	foxP3
Cimi_XP.037589291.1	fox_OG14:foxP3	foxP3
Emax_XP.049728302.1	fox_OG14:foxP3	foxP3
Drot_XP.053773440.1	fox_OG14:foxP3	foxP3
Mjav_XP.036852243.1	fox_OG14:foxP3	foxP3
Mmus_NP.001186276.1	fox_OG14:foxP3	foxP3
Ttru_XP.033704944.1	fox_OG14:foxP3	foxP3
Cdid_XP.037677418.1	fox_OG14:foxP3	foxP3
Bbub_XP.006073707.2	fox_OG14:foxP3	foxP3
Casi_XP.006876748.1	fox_OG14:foxP3	foxP3
Scar_XP.047391408.1	fox_OG14:foxP3	foxP3
Hamp_XP.057574707.1	fox_OG14:foxP3	foxP3
Lcat_XP.045393738.1	fox_OG14:foxP3	foxP3
Pafr_XP.047620716.1	fox_OG14:foxP3	foxP3
Amel_XP.011221377.1	fox_OG14:foxP3	foxP3
Dnov_XP.023446473.1	fox_OG14:foxP3	foxP3
Ptig_XP.007096061.2	fox_OG14:foxP3	foxP3
Opri_XP.058514303.1	fox_OG14:foxP3	foxP3
Clup_NP.001161933.1	fox_OG14:foxP3	foxP3
Mang_XP.045729506.1	fox_OG14:foxP3	foxP3
Cdid_XP.037677000.1	fox_OG14:foxP3	foxP3
Hsap_NP.054728.2	fox_OG14:foxP3	foxP3
Cdro_XP.031301084.1	fox_OG14:foxP3	foxP3
Tman_XP.004376890.1	fox_OG14:foxP3	foxP3
Oana_XP.028909446.1	fox_OG15:foxF2	foxF2
Oana_XP.028912286.1	fox_OG16:foxF2	foxF2
Opri_XP.012786079.2	fox_OG17:foxL3	foxL3
Mdom_XP.007498348.2	fox_OG17:foxL3	foxL3
Drot_XP.045040885.2	fox_OG17:foxL3	foxL3
Rfer_XP.032952385.1	fox_OG17:foxL3	foxL3
Scar_XP.047390130.1	fox_OG17:foxL3	foxL3
Oana_XP.001511921.2	fox_OG17:foxL3	foxL3
Ttru_XP.004328913.2	fox_OG17:foxL3	foxL3
Dnov_XP.058141662.1	fox_OG17:foxL3	foxL3
Mmus_NP.001182057.1	fox_OG17:foxL3	foxL3
Hsap_NP.001361767.1	fox_OG17:foxL3	foxL3
Emax_XP.049761077.1	fox_OG17:foxL3	foxL3
Mang_XP.045728168.1	fox_OG17:foxL3	foxL3
Mjav_XP.036864912.1	fox_OG17:foxL3	foxL3
Shar_XP.012398242.1	fox_OG17:foxL3	foxL3
Cimi_XP.017363768.1	fox_OG17:foxL3	foxL3
Hamp_XP.057605555.1	fox_OG17:foxL3	foxL3
Pafr_XP.047635063.1	fox_OG17:foxL3	foxL3
Tman_XP.004386032.1	fox_OG17:foxL3	foxL3
Csim_XP.004440991.1	fox_OG17:foxL3	foxL3
Equa_XP.046523569.1	fox_OG17:foxL3	foxL3
Lcat_XP.045398087.1	fox_OG17:foxL3	foxL3
Cpor_XP.003469985.1	fox_OG17:foxL3	foxL3
Bmus_XP.036680082.1	fox_OG17:foxL3	foxL3
Bbub_XP.044792209.1	fox_OG17:foxL3	foxL3
Clup_XP.038394791.1	fox_OG17:foxL3	foxL3
Casi_XP.006859950.1	fox_OG17:foxL3	foxL3
Cdid_XP.037669698.1	fox_OG17:foxL3	foxL3
Ptig_XP.042828254.1	fox_OG17:foxL3	foxL3
Ggal_XP.425229.3	fox_OG17:foxL3	foxL3
Cdro_XP.031327057.1	fox_OG17:foxL3	foxL3
Amel_XP.034525410.1	fox_OG17:foxL3	foxL3
Oafe_XP.007941358.1	fox_OG17:foxL3	foxL3
Cdro_XP.031326970.1	fox_OG18:foxP1	foxP1
Oafe_XP.007944266.1	fox_OG18:foxP1	foxP1
Ttru_XP.033721167.1	fox_OG18:foxP1	foxP1
Amel_XP.011217264.1	fox_OG18:foxP1	foxP1
Mdom_XP.007500148.1	fox_OG18:foxP1	foxP1
Opri_XP.058534843.1	fox_OG18:foxP1	foxP1
Shar_XP.031801298.1	fox_OG18:foxP1	foxP1
Pafr_XP.047635064.1	fox_OG18:foxP1	foxP1
Mjav_XP.036875087.1	fox_OG18:foxP1	foxP1
Hsap_NP.001231739.1	fox_OG18:foxP1	foxP1
Casi_XP.006874684.1	fox_OG18:foxP1	foxP1
Emax_XP.049718943.1	fox_OG18:foxP1	foxP1
Mjav_XP.036860335.1	fox_OG18:foxP1	foxP1
Pgig_XP.039707610.1	fox_OG18:foxP1	foxP1
Drot_XP.045048358.1	fox_OG18:foxP1	foxP1
Mmus_XP.030110934.1	fox_OG18:foxP1	foxP1
Tman_XP.023583661.1	fox_OG18:foxP1	foxP1
Cimi_XP.017398291.1	fox_OG18:foxP1	foxP1
Rfer_XP.032987798.1	fox_OG18:foxP1	foxP1
Scar_XP.047390767.1	fox_OG18:foxP1	foxP1
Ptig_XP.042835351.1	fox_OG18:foxP1	foxP1
Oana_XP.039766065.1	fox_OG18:foxP1	foxP1
Equa_XP.046523540.1	fox_OG18:foxP1	foxP1
Clup_XP.038421798.1	fox_OG18:foxP1	foxP1
Mang_XP.054360611.1	fox_OG18:foxP1	foxP1
Bmus_XP.036724195.1	fox_OG18:foxP1	foxP1
Cpor_XP.005005313.1	fox_OG18:foxP1	foxP1
Cdid_XP.037656169.1	fox_OG18:foxP1	foxP1
Hamp_XP.057561364.1	fox_OG18:foxP1	foxP1
Lcat_XP.045385591.1	fox_OG18:foxP1	foxP1
Bbub_XP.044789782.1	fox_OG18:foxP1	foxP1
Csim_XP.004419976.1	fox_OG18:foxP1	foxP1
Dnov_XP.004482088.1	fox_OG18:foxP1	foxP1
Ggal_XP.040502196.1	fox_OG18:foxP1	foxP1
Tman_XP.004385433.1	fox_OG19:foxN1	foxN1
Pafr_XP.047614767.1	fox_OG19:foxN1	foxN1
Cdid_XP.037665986.1	fox_OG19:foxN1	foxN1
Casi_XP.006874270.1	fox_OG19:foxN1	foxN1
Emax_XP.049715494.1	fox_OG19:foxN1	foxN1
Scar_XP.047401997.1	fox_OG19:foxN1	foxN1
Oafe_XP.007935559.1	fox_OG19:foxN1	foxN1
Ggal_XP.415816.5	fox_OG19:foxN1	foxN1
Mmus_XP.006532328.1	fox_OG19:foxN1	foxN1
Oana_XP.039770471.1	fox_OG19:foxN1	foxN1
Mdom_XP.001375832.1	fox_OG19:foxN1	foxN1
Dnov_XP.004450005.2	fox_OG19:foxN1	foxN1
Shar_XP.031823539.1	fox_OG19:foxN1	foxN1
Cpor_XP.023420823.1	fox_OG19:foxN1	foxN1
Lcat_XP.045381339.1	fox_OG19:foxN1	foxN1
Bbub_XP.025136790.1	fox_OG19:foxN1	foxN1
Opri_XP.004593965.2	fox_OG19:foxN1	foxN1
Bmus_XP.036693663.1	fox_OG19:foxN1	foxN1
Drot_XP.045055001.2	fox_OG19:foxN1	foxN1
Amel_XP.034496649.1	fox_OG19:foxN1	foxN1
Pgig_XP.039742030.1	fox_OG19:foxN1	foxN1
Rfer_XP.032947344.1	fox_OG19:foxN1	foxN1
Mang_XP.045744088.1	fox_OG19:foxN1	foxN1
Equa_XP.046533715.1	fox_OG19:foxN1	foxN1
Cimi_XP.037599212.1	fox_OG19:foxN1	foxN1
Mjav_XP.017515466.1	fox_OG19:foxN1	foxN1
Hamp_XP.057571196.1	fox_OG19:foxN1	foxN1
Hsap_XP.011523660.1	fox_OG19:foxN1	foxN1
Ptig_XP.007076110.1	fox_OG19:foxN1	foxN1
Ttru_XP.033703421.1	fox_OG19:foxN1	foxN1
Cdro_XP.031324225.1	fox_OG19:foxN1	foxN1
Csim_XP.014645264.1	fox_OG19:foxN1	foxN1
Clup_XP.038404162.1	fox_OG19:foxN1	foxN1
Shar_XP.003760278.3	fox_OG20:foxF2	foxF2
Drot_XP.024408147.2	fox_OG20:foxF2	foxF2
Mdom_XP.001378770.3	fox_OG20:foxF2	foxF2
Casi_XP.006870627.1	fox_OG20:foxF2	foxF2
Equa_XP.046496582.1	fox_OG20:foxF2	foxF2
Bmus_XP.036725085.1	fox_OG20:foxF2	foxF2
Lcat_XP.045408674.1	fox_OG20:foxF2	foxF2
Opri_XP.012785618.3	fox_OG20:foxF2	foxF2
Tman_XP.012414385.1	fox_OG20:foxF2	foxF2
Mjav_XP.036867662.1	fox_OG20:foxF2	foxF2
Cdro_XP.010975130.2	fox_OG20:foxF2	foxF2
Hsap_NP.001443.1	fox_OG20:foxF2	foxF2
Emax_XP.049738291.1	fox_OG20:foxF2	foxF2
Pgig_XP.039725405.1	fox_OG20:foxF2	foxF2
Csim_XP.004419240.1	fox_OG20:foxF2	foxF2
Cdid_XP.037700041.1	fox_OG20:foxF2	foxF2
Dnov_XP.023447171.2	fox_OG20:foxF2	foxF2
Cimi_XP.017352993.2	fox_OG20:foxF2	foxF2
Oafe_XP.007933567.1	fox_OG20:foxF2	foxF2
Ptig_XP.042841202.1	fox_OG20:foxF2	foxF2
Mmus_NP.034355.2	fox_OG20:foxF2	foxF2
Scar_XP.047414417.1	fox_OG20:foxF2	foxF2
Bbub_XP.025120520.3	fox_OG20:foxF2	foxF2
Mang_XP.045721916.1	fox_OG20:foxF2	foxF2
Amel_XP.034516095.1	fox_OG20:foxF2	foxF2
Rfer_XP.032969138.1	fox_OG20:foxF2	foxF2
Clup_XP.038439937.1	fox_OG20:foxF2	foxF2
Ttru_XP.004311990.3	fox_OG20:foxF2	foxF2
Pafr_XP.047651459.1	fox_OG20:foxF2	foxF2
Hamp_XP.057555617.1	fox_OG20:foxF2	foxF2
Ggal_XP.046759228.1	fox_OG21:NA	NA
Mdom_XP.007491677.2	fox_OG21:NA	NA
Shar_XP.031817418.1	fox_OG21:NA	NA
Oana_XP.028911073.1	fox_OG22:foxL2	foxL2
Rfer_XP.032988626.1	fox_OG22:foxL2	foxL2
Ggal_NP.001012630.1	fox_OG22:foxL2	foxL2
Mdom_XP.007494005.2	fox_OG22:foxL2	foxL2
Emax_XP.049726166.1	fox_OG22:foxL2	foxL2
Hsap_NP.075555.1	fox_OG22:foxL2	foxL2
Amel_XP.034517711.1	fox_OG22:foxL2	foxL2
Drot_XP.024421665.2	fox_OG22:foxL2	foxL2
Mang_XP.045719675.1	fox_OG22:foxL2	foxL2
Tman_XP.004381516.1	fox_OG22:foxL2	foxL2
Casi_XP.006846679.1	fox_OG22:foxL2	foxL2
Csim_XP.004419996.1	fox_OG22:foxL2	foxL2
Mmus_NP.036150.1	fox_OG22:foxL2	foxL2
Pafr_XP.047639332.1	fox_OG22:foxL2	foxL2
Bbub_XP.025146742.1	fox_OG22:foxL2	foxL2
Opri_XP.012783325.2	fox_OG22:foxL2	foxL2
Shar_XP.031815678.1	fox_OG22:foxL2	foxL2
Hamp_XP.057595697.1	fox_OG22:foxL2	foxL2
Cimi_XP.017379188.1	fox_OG22:foxL2	foxL2
Cdid_XP.037683851.1	fox_OG22:foxL2	foxL2
Equa_XP.046508064.1	fox_OG22:foxL2	foxL2
Mjav_XP.036847828.1	fox_OG22:foxL2	foxL2
Cdro_XP.031299319.1	fox_OG22:foxL2	foxL2
Lcat_XP.045411920.1	fox_OG22:foxL2	foxL2
Clup_XP.038426115.1	fox_OG22:foxL2	foxL2
Cpor_XP.023415973.1	fox_OG22:foxL2	foxL2
Ptig_XP.042812852.1	fox_OG22:foxL2	foxL2
Oafe_XP.007945699.1	fox_OG22:foxL2	foxL2
Ttru_XP.019789813.1	fox_OG22:foxL2	foxL2
Pgig_XP.039692762.1	fox_OG22:foxL2	foxL2
Bmus_XP.036707130.1	fox_OG22:foxL2	foxL2
Scar_XP.047420926.1	fox_OG22:foxL2	foxL2
Oana_XP.028902621.2	fox_OG23:foxI3	foxI3
Bmus_XP.036729925.1	fox_OG23:foxI3	foxI3
Lcat_XP.045404844.1	fox_OG23:foxI3	foxI3
Casi_XP.006875916.1	fox_OG23:foxI3	foxI3
Dnov_XP.004472353.2	fox_OG23:foxI3	foxI3
Emax_XP.049713621.1	fox_OG23:foxI3	foxI3
Csim_XP.004437309.2	fox_OG23:foxI3	foxI3
Cimi_XP.017392139.1	fox_OG23:foxI3	foxI3
Bbub_XP.025116942.2	fox_OG23:foxI3	foxI3
Pgig_XP.039708536.1	fox_OG23:foxI3	foxI3
Cdid_XP.037663497.1	fox_OG23:foxI3	foxI3
Tman_XP.004390712.1	fox_OG23:foxI3	foxI3
Clup_NP.001129118.1	fox_OG23:foxI3	foxI3
Opri_XP.004590794.2	fox_OG23:foxI3	foxI3
Pafr_XP.047635149.1	fox_OG23:foxI3	foxI3
Hamp_XP.057599300.1	fox_OG23:foxI3	foxI3
Mang_XP.045739697.1	fox_OG23:foxI3	foxI3
Amel_XP.002922377.3	fox_OG23:foxI3	foxI3
Ttru_XP.033694400.1	fox_OG23:foxI3	foxI3
Scar_XP.047393964.1	fox_OG23:foxI3	foxI3
Hsap_NP.001129121.1	fox_OG23:foxI3	foxI3
Mmus_NP.001094934.1	fox_OG23:foxI3	foxI3
Rfer_XP.032980088.1	fox_OG23:foxI3	foxI3
Ptig_XP.042837881.1	fox_OG23:foxI3	foxI3
Equa_XP.046517777.1	fox_OG23:foxI3	foxI3
Cdro_XP.010996180.2	fox_OG23:foxI3	foxI3
Mjav_XP.017536768.2	fox_OG23:foxI3	foxI3
Oafe_XP.007952295.1	fox_OG23:foxI3	foxI3
Drot_XP.024408151.2	fox_OG23:foxI3	foxI3
Oana_XP.028931929.2	fox_OG24:foxL1	foxL1
Bbub_XP.006047558.1	fox_OG24:foxL1	foxL1
Mdom_XP.056674514.1	fox_OG24:foxL1	foxL1
Oafe_XP.007937407.1	fox_OG24:foxL1	foxL1
Mjav_XP.036849629.1	fox_OG24:foxL1	foxL1
Rfer_XP.032984676.1	fox_OG24:foxL1	foxL1
Hamp_XP.057569166.1	fox_OG24:foxL1	foxL1
Pgig_XP.039744660.1	fox_OG24:foxL1	foxL1
Dnov_XP.058135467.1	fox_OG24:foxL1	foxL1
Csim_XP.004437100.1	fox_OG24:foxL1	foxL1
Casi_XP.006860180.1	fox_OG24:foxL1	foxL1
Opri_XP.004584130.2	fox_OG24:foxL1	foxL1
Clup_XP.038394040.1	fox_OG24:foxL1	foxL1
Hsap_NP.005241.1	fox_OG24:foxL1	foxL1
Drot_XP.024411663.1	fox_OG24:foxL1	foxL1
Amel_XP.002913428.1	fox_OG24:foxL1	foxL1
Cdro_XP.031292484.1	fox_OG24:foxL1	foxL1
Cimi_XP.017399161.1	fox_OG24:foxL1	foxL1
Cdid_XP.037671791.1	fox_OG24:foxL1	foxL1
Ttru_XP.004312143.1	fox_OG24:foxL1	foxL1
Rfer_XP.032984241.1	fox_OG24:foxL1	foxL1
Ptig_XP.042825075.1	fox_OG24:foxL1	foxL1
Bmus_XP.036688240.1	fox_OG24:foxL1	foxL1
Tman_XP.004377800.1	fox_OG24:foxL1	foxL1
Mang_XP.045746246.1	fox_OG24:foxL1	foxL1
Shar_XP.031806032.1	fox_OG24:foxL1	foxL1
Mmus_NP.032050.2	fox_OG24:foxL1	foxL1
Pafr_XP.047648182.1	fox_OG24:foxL1	foxL1
Equa_XP.046536521.1	fox_OG24:foxL1	foxL1
Scar_XP.047385703.1	fox_OG24:foxL1	foxL1
Ggal_XP.001231599.5	fox_OG24:foxL1	foxL1
Emax_XP.049720646.1	fox_OG24:foxL1	foxL1
Lcat_XP.045389091.1	fox_OG24:foxL1	foxL1
Ggal_XP.004948470.2	fox_OG25:foxP4	foxP4
Casi_XP.006860505.1	fox_OG25:foxP4	foxP4
Equa_XP.046496143.1	fox_OG25:foxP4	foxP4
Cdid_XP.037698927.1	fox_OG25:foxP4	foxP4
Mdom_XP.056674181.1	fox_OG25:foxP4	foxP4
Oafe_XP.007934458.1	fox_OG25:foxP4	foxP4
Opri_XP.058519292.1	fox_OG25:foxP4	foxP4
Mmus_XP.017173175.1	fox_OG25:foxP4	foxP4
Rfer_XP.032956861.1	fox_OG25:foxP4	foxP4
Hsap_XP.011512591.1	fox_OG25:foxP4	foxP4
Ptig_XP.042842255.1	fox_OG25:foxP4	foxP4
Ttru_XP.033720169.1	fox_OG25:foxP4	foxP4
Mang_XP.045722826.1	fox_OG25:foxP4	foxP4
Mjav_XP.036861021.1	fox_OG25:foxP4	foxP4
Cimi_XP.017402725.1	fox_OG25:foxP4	foxP4
Clup_XP.038409938.1	fox_OG25:foxP4	foxP4
Shar_XP.031820748.1	fox_OG25:foxP4	foxP4
Lcat_XP.045397843.1	fox_OG25:foxP4	foxP4
Pgig_XP.039710787.1	fox_OG25:foxP4	foxP4
Drot_XP.053769706.1	fox_OG25:foxP4	foxP4
Bmus_XP.036725368.1	fox_OG25:foxP4	foxP4
Amel_XP.002914563.3	fox_OG25:foxP4	foxP4
Csim_XP.004424223.1	fox_OG25:foxP4	foxP4
Oana_XP.028925009.1	fox_OG25:foxP4	foxP4
Hamp_XP.057555834.1	fox_OG25:foxP4	foxP4
Pafr_XP.047653356.1	fox_OG25:foxP4	foxP4
Cpor_XP.003473920.1	fox_OG25:foxP4	foxP4
Scar_XP.047414507.1	fox_OG25:foxP4	foxP4
Emax_XP.049747581.1	fox_OG25:foxP4	foxP4
Tman_XP.004379494.1	fox_OG25:foxP4	foxP4
Dnov_XP.058162686.1	fox_OG25:foxP4	foxP4
Bbub_XP.025125991.2	fox_OG25:foxP4	foxP4
Cdro_XP.031290589.1	fox_OG25:foxP4	foxP4
Bmus_XP.036718879.1	fox_OG26:foxP2	foxP2
Ttru_XP.019780690.1	fox_OG26:foxP2	foxP2
Lcat_XP.045420440.1	fox_OG26:foxP2	foxP2
Pgig_XP.039716577.1	fox_OG26:foxP2	foxP2
Csim_XP.004418850.1	fox_OG26:foxP2	foxP2
Shar_XP.031794706.1	fox_OG26:foxP2	foxP2
Equa_XP.046526335.1	fox_OG26:foxP2	foxP2
Cdro_XP.031311093.1	fox_OG26:foxP2	foxP2
Amel_XP.034526782.1	fox_OG26:foxP2	foxP2
Ptig_XP.042826228.1	fox_OG26:foxP2	foxP2
Opri_XP.058510875.1	fox_OG26:foxP2	foxP2
Cpor_XP.013013912.1	fox_OG26:foxP2	foxP2
Casi_XP.006859359.1	fox_OG26:foxP2	foxP2
Oana_XP.028928988.1	fox_OG26:foxP2	foxP2
Pafr_XP.047618861.1	fox_OG26:foxP2	foxP2
Oafe_XP.007942246.1	fox_OG26:foxP2	foxP2
Hsap_NP.683696.2	fox_OG26:foxP2	foxP2
Mdom_XP.007504226.1	fox_OG26:foxP2	foxP2
Ggal_XP.025007337.1	fox_OG26:foxP2	foxP2
Dnov_XP.058153204.1	fox_OG26:foxP2	foxP2
Bbub_XP.044802585.1	fox_OG26:foxP2	foxP2
Cimi_XP.017390531.1	fox_OG26:foxP2	foxP2
Rfer_XP.032954948.1	fox_OG26:foxP2	foxP2
Hamp_XP.057586867.1	fox_OG26:foxP2	foxP2
Mmus_XP.036021645.1	fox_OG26:foxP2	foxP2
Mjav_XP.036883368.1	fox_OG26:foxP2	foxP2
Emax_XP.049750594.1	fox_OG26:foxP2	foxP2
Cdid_XP.037692269.1	fox_OG26:foxP2	foxP2
Drot_XP.053782699.1	fox_OG26:foxP2	foxP2
Scar_XP.047417295.1	fox_OG26:foxP2	foxP2
Mang_XP.045720337.1	fox_OG26:foxP2	foxP2
Tman_XP.004382624.1	fox_OG26:foxP2	foxP2
Clup_XP.038413332.1	fox_OG26:foxP2	foxP2
Cdid_XP.037688024.1	fox_OG27:NA	NA
Dnov_XP.058148549.1	fox_OG28:NA	NA
Ggal_XP.414186.5	fox_OG29:foxF1	foxF1
Emax_XP.049720665.1	fox_OG29:foxF1	foxF1
Mdom_XP.001365832.4	fox_OG29:foxF1	foxF1
Hsap_NP.001442.2	fox_OG29:foxF1	foxF1
Clup_XP.038394042.1	fox_OG29:foxF1	foxF1
Mjav_XP.017511561.2	fox_OG29:foxF1	foxF1
Cimi_XP.017399155.2	fox_OG29:foxF1	foxF1
Bbub_XP.006047564.2	fox_OG29:foxF1	foxF1
Dnov_XP.058135594.1	fox_OG29:foxF1	foxF1
Drot_XP.053772163.1	fox_OG29:foxF1	foxF1
Tman_XP.004377797.2	fox_OG29:foxF1	foxF1
Bmus_XP.036688072.1	fox_OG29:foxF1	foxF1
Oana_XP.028931561.1	fox_OG29:foxF1	foxF1
Pafr_XP.047645925.1	fox_OG29:foxF1	foxF1
Scar_XP.047385701.1	fox_OG29:foxF1	foxF1
Lcat_XP.045389195.1	fox_OG29:foxF1	foxF1
Shar_XP.003758519.2	fox_OG29:foxF1	foxF1
Amel_XP.002913450.2	fox_OG29:foxF1	foxF1
Opri_XP.058530279.1	fox_OG29:foxF1	foxF1
Pgig_XP.039744668.1	fox_OG29:foxF1	foxF1
Casi_XP.006860182.1	fox_OG29:foxF1	foxF1
Mmus_NP.034556.2	fox_OG29:foxF1	foxF1
Cdid_XP.037671853.1	fox_OG29:foxF1	foxF1
Cpor_XP.003460772.2	fox_OG29:foxF1	foxF1
Equa_XP.046538978.1	fox_OG29:foxF1	foxF1
Ptig_XP.007082882.2	fox_OG29:foxF1	foxF1
Csim_XP.014648135.1	fox_OG29:foxF1	foxF1
Cdro_XP.031292478.1	fox_OG29:foxF1	foxF1
Rfer_XP.032985403.1	fox_OG29:foxF1	foxF1
Mang_XP.045746573.2	fox_OG29:foxF1	foxF1
Hamp_XP.057568154.1	fox_OG29:foxF1	foxF1
Oafe_XP.007937340.1	fox_OG29:foxF1	foxF1
Ttru_XP.033700961.1	fox_OG29:foxF1	foxF1
Mdom_XP.056669097.1	fox_OG30:NA	NA
Shar_XP.031805673.1	fox_OG31:NA	NA
Ggal_XP.425714.5	fox_OG32:foxS1	foxS1
Clup_XP.038427866.1	fox_OG32:foxS1	foxS1
Hsap_NP.004109.1	fox_OG32:foxS1	foxS1
Pgig_XP.039719969.1	fox_OG32:foxS1	foxS1
Bmus_XP.036682343.1	fox_OG32:foxS1	foxS1
Mdom_XP.001364156.2	fox_OG32:foxS1	foxS1
Amel_XP.002918325.1	fox_OG32:foxS1	foxS1
Shar_XP.031809982.1	fox_OG32:foxS1	foxS1
Bbub_XP.025119474.1	fox_OG32:foxS1	foxS1
Casi_XP.006860769.1	fox_OG32:foxS1	foxS1
Cdro_XP.010992198.2	fox_OG32:foxS1	foxS1
Mang_XP.045741514.1	fox_OG32:foxS1	foxS1
Pafr_XP.047627330.1	fox_OG32:foxS1	foxS1
Dnov_XP.004464085.1	fox_OG32:foxS1	foxS1
Opri_XP.004585763.2	fox_OG32:foxS1	foxS1
Cpor_XP.003476682.1	fox_OG32:foxS1	foxS1
Mjav_XP.017509202.2	fox_OG32:foxS1	foxS1
Csim_XP.004442549.2	fox_OG32:foxS1	foxS1
Rfer_XP.032950864.1	fox_OG32:foxS1	foxS1
Equa_XP.046536068.1	fox_OG32:foxS1	foxS1
Scar_XP.047396619.1	fox_OG32:foxS1	foxS1
Tman_XP.023581200.1	fox_OG32:foxS1	foxS1
Lcat_XP.045385439.1	fox_OG32:foxS1	foxS1
Emax_XP.049725743.1	fox_OG32:foxS1	foxS1
Mmus_NP.034356.1	fox_OG32:foxS1	foxS1
Ttru_XP.033696063.1	fox_OG32:foxS1	foxS1
Ptig_XP.007073610.2	fox_OG32:foxS1	foxS1
Hamp_XP.057559118.1	fox_OG32:foxS1	foxS1
Drot_XP.024415665.3	fox_OG32:foxS1	foxS1
Cimi_XP.017370299.1	fox_OG32:foxS1	foxS1
Oafe_XP.007932722.1	fox_OG32:foxS1	foxS1
Cdid_XP.037667492.1	fox_OG32:foxS1	foxS1
Ggal_XP.015135808.1	fox_OG33:foxB2	foxB2
Pafr_XP.047625507.1	fox_OG33:foxB2	foxB2
Shar_XP.012398564.2	fox_OG33:foxB2	foxB2
Csim_XP.004439686.1	fox_OG33:foxB2	foxB2
Scar_XP.047379799.1	fox_OG33:foxB2	foxB2
Cdro_XP.031305772.1	fox_OG33:foxB2	foxB2
Equa_XP.046519944.1	fox_OG33:foxB2	foxB2
Bbub_XP.006067725.3	fox_OG33:foxB2	foxB2
Cimi_XP.017398753.1	fox_OG33:foxB2	foxB2
Mmus_NP.032049.1	fox_OG33:foxB2	foxB2
Pgig_XP.039724438.1	fox_OG33:foxB2	foxB2
Lcat_XP.045418554.1	fox_OG33:foxB2	foxB2
Casi_XP.006834992.1	fox_OG33:foxB2	foxB2
Mdom_XP.003341714.1	fox_OG33:foxB2	foxB2
Mjav_XP.036847034.1	fox_OG33:foxB2	foxB2
Oana_XP.001508095.2	fox_OG33:foxB2	foxB2
Mang_XP.045737891.1	fox_OG33:foxB2	foxB2
Drot_XP.053776114.1	fox_OG33:foxB2	foxB2
Dnov_XP.023440163.2	fox_OG33:foxB2	foxB2
Opri_XP.058513381.1	fox_OG33:foxB2	foxB2
Ttru_XP.019789709.1	fox_OG33:foxB2	foxB2
Cdid_XP.037654560.1	fox_OG33:foxB2	foxB2
Tman_XP.023593539.1	fox_OG33:foxB2	foxB2
Amel_XP.034502902.1	fox_OG33:foxB2	foxB2
Bmus_XP.036712759.1	fox_OG33:foxB2	foxB2
Clup_XP.038381543.1	fox_OG33:foxB2	foxB2
Emax_XP.049751166.1	fox_OG33:foxB2	foxB2
Hsap_NP.001013757.1	fox_OG33:foxB2	foxB2
Rfer_XP.032978089.1	fox_OG33:foxB2	foxB2
Hamp_XP.057580851.1	fox_OG33:foxB2	foxB2
Oafe_XP.007936768.1	fox_OG33:foxB2	foxB2
Ptig_XP.042819403.1	fox_OG33:foxB2	foxB2
Oana_XP.001518148.2	fox_OG34:foxB1	foxB1
Clup_XP.038436513.1	fox_OG34:foxB1	foxB1
Shar_XP.003755656.2	fox_OG34:foxB1	foxB1
Ttru_XP.033708504.1	fox_OG34:foxB1	foxB1
Mjav_XP.017523883.1	fox_OG34:foxB1	foxB1
Casi_XP.006831648.1	fox_OG34:foxB1	foxB1
Rfer_XP.032964940.1	fox_OG34:foxB1	foxB1
Tman_XP.004374676.1	fox_OG34:foxB1	foxB1
Hsap_NP.036314.2	fox_OG34:foxB1	foxB1
Amel_XP.034516791.1	fox_OG34:foxB1	foxB1
Pgig_XP.039720931.1	fox_OG34:foxB1	foxB1
Cdro_XP.031308829.1	fox_OG34:foxB1	foxB1
Opri_XP.004578087.1	fox_OG34:foxB1	foxB1
Mang_XP.045755904.1	fox_OG34:foxB1	foxB1
Cimi_XP.017387405.1	fox_OG34:foxB1	foxB1
Dnov_XP.012376939.1	fox_OG34:foxB1	foxB1
Equa_XP.046508174.1	fox_OG34:foxB1	foxB1
Mdom_XP.001365592.1	fox_OG34:foxB1	foxB1
Scar_XP.047396474.1	fox_OG34:foxB1	foxB1
Emax_XP.049708649.1	fox_OG34:foxB1	foxB1
Bmus_XP.036700853.1	fox_OG34:foxB1	foxB1
Oafe_XP.007956505.1	fox_OG34:foxB1	foxB1
Bbub_XP.006043154.1	fox_OG34:foxB1	foxB1
Ggal_XP.004943811.1	fox_OG34:foxB1	foxB1
Cpor_XP.013000887.1	fox_OG34:foxB1	foxB1
Ptig_XP.042843621.1	fox_OG34:foxB1	foxB1
Mmus_NP.071773.2	fox_OG34:foxB1	foxB1
Csim_XP.004421699.1	fox_OG34:foxB1	foxB1
Hamp_XP.057575814.1	fox_OG34:foxB1	foxB1
Lcat_XP.045411390.1	fox_OG34:foxB1	foxB1
Cdid_XP.037691321.1	fox_OG34:foxB1	foxB1
Drot_XP.024424310.1	fox_OG34:foxB1	foxB1
Pafr_XP.047625395.1	fox_OG34:foxB1	foxB1
Oana_XP.028925820.1	fox_OG35:hnf3b	hnf3b
Mdom_XP.001382097.1	fox_OG35:hnf3b	hnf3b
Clup_XP.038427348.1	fox_OG35:hnf3b	hnf3b
Amel_XP.002924170.1	fox_OG35:hnf3b	hnf3b
Cimi_XP.017396970.1	fox_OG35:hnf3b	hnf3b
Mjav_XP.036878344.1	fox_OG35:hnf3b	hnf3b
Ttru_XP.019783169.2	fox_OG35:hnf3b	hnf3b
Mang_XP.045739756.1	fox_OG35:hnf3b	hnf3b
Shar_XP.003758186.1	fox_OG35:hnf3b	hnf3b
Emax_XP.049725634.1	fox_OG35:hnf3b	hnf3b
Scar_XP.047397766.1	fox_OG35:hnf3b	hnf3b
Pgig_XP.039730271.1	fox_OG35:hnf3b	hnf3b
Equa_XP.046535478.1	fox_OG35:hnf3b	hnf3b
Hsap_NP.068556.2	fox_OG35:hnf3b	hnf3b
Mmus_NP.001277994.1	fox_OG35:hnf3b	hnf3b
Lcat_XP.045385044.1	fox_OG35:hnf3b	hnf3b
Drot_XP.045050691.1	fox_OG35:hnf3b	hnf3b
Cdid_XP.037668003.1	fox_OG35:hnf3b	hnf3b
Tman_XP.004376477.1	fox_OG35:hnf3b	hnf3b
Casi_XP.006860717.1	fox_OG35:hnf3b	hnf3b
Oafe_XP.007948556.1	fox_OG35:hnf3b	hnf3b
Pafr_XP.047627543.1	fox_OG35:hnf3b	hnf3b
Hamp_XP.057558835.1	fox_OG35:hnf3b	hnf3b
Dnov_XP.023439993.2	fox_OG35:hnf3b	hnf3b
Bmus_XP.036681859.1	fox_OG35:hnf3b	hnf3b
Rfer_XP.032950275.1	fox_OG35:hnf3b	hnf3b
Cpor_XP.003476486.1	fox_OG35:hnf3b	hnf3b
Opri_XP.004585707.2	fox_OG35:hnf3b	hnf3b
Bbub_XP.044783908.1	fox_OG35:hnf3b	hnf3b
Cdro_XP.031290193.1	fox_OG35:hnf3b	hnf3b
Csim_XP.004442004.1	fox_OG35:hnf3b	hnf3b
Ptig_XP.042835681.1	fox_OG35:hnf3b	hnf3b
Ggal_XP.046794381.1	fox_OG35:hnf3b	hnf3b
Oana_XP.028902569.1	fox_OG36:foxE3	foxE3
Emax_XP.049731498.1	fox_OG36:foxE3	foxE3
Hsap_NP.036318.1	fox_OG36:foxE3	foxE3
Mang_XP.045751381.1	fox_OG36:foxE3	foxE3
Hamp_XP.057562286.1	fox_OG36:foxE3	foxE3
Drot_XP.053777352.1	fox_OG36:foxE3	foxE3
Ttru_XP.033709174.1	fox_OG36:foxE3	foxE3
Pafr_XP.047647470.1	fox_OG36:foxE3	foxE3
Ptig_XP.042852491.1	fox_OG36:foxE3	foxE3
Clup_XP.038413565.1	fox_OG36:foxE3	foxE3
Rfer_XP.032971209.1	fox_OG36:foxE3	foxE3
Bmus_XP.036690899.1	fox_OG36:foxE3	foxE3
Pgig_XP.039712722.1	fox_OG36:foxE3	foxE3
Bbub_XP.025144571.1	fox_OG36:foxE3	foxE3
Cdro_XP.031321430.1	fox_OG36:foxE3	foxE3
Tman_XP.023582802.1	fox_OG36:foxE3	foxE3
Pgig_XP.039738800.1	fox_OG36:foxE3	foxE3
Mmus_NP.056573.1	fox_OG36:foxE3	foxE3
Mjav_XP.036877848.1	fox_OG36:foxE3	foxE3
Casi_XP.006839917.1	fox_OG36:foxE3	foxE3
Dnov_XP.058160703.1	fox_OG36:foxE3	foxE3
Lcat_XP.045401422.1	fox_OG36:foxE3	foxE3
Cimi_XP.017365578.1	fox_OG36:foxE3	foxE3
Cdid_XP.037672792.1	fox_OG36:foxE3	foxE3
Opri_XP.004598546.1	fox_OG36:foxE3	foxE3
Scar_XP.047375686.1	fox_OG36:foxE3	foxE3
Oana_XP.001516678.2	fox_OG37:foxD4	foxD4
Pgig_XP.039744744.1	fox_OG37:foxD4	foxD4
Hamp_XP.057576439.1	fox_OG37:foxD4	foxD4
Pafr_XP.047625506.1	fox_OG37:foxD4	foxD4
Hsap_NP.001119806.1	fox_OG37:foxD4	foxD4
Emax_XP.049752498.1	fox_OG37:foxD4	foxD4
Cdid_XP.037706680.1	fox_OG37:foxD4	foxD4
Hsap_NP.954714.2	fox_OG37:foxD4	foxD4
Rfer_XP.032979406.1	fox_OG37:foxD4	foxD4
Ttru_XP.033714036.1	fox_OG37:foxD4	foxD4
Ptig_XP.042820135.1	fox_OG37:foxD4	foxD4
Cdro_XP.010998361.2	fox_OG37:foxD4	foxD4
Mang_XP.045739597.1	fox_OG37:foxD4	foxD4
Scar_XP.047380997.1	fox_OG37:foxD4	foxD4
Drot_XP.053785855.1	fox_OG37:foxD4	foxD4
Hsap_NP.001078945.1	fox_OG37:foxD4	foxD4
Amel_XP.034503132.1	fox_OG37:foxD4	foxD4
Oafe_XP.007954771.1	fox_OG37:foxD4	foxD4
Equa_XP.046519849.1	fox_OG37:foxD4	foxD4
Bbub_XP.025137372.3	fox_OG37:foxD4	foxD4
Dnov_XP.023444807.2	fox_OG37:foxD4	foxD4
Bmus_XP.036712053.1	fox_OG37:foxD4	foxD4
Hsap_NP.036316.1	fox_OG37:foxD4	foxD4
Opri_XP.004591937.2	fox_OG37:foxD4	foxD4
Cimi_XP.017398902.1	fox_OG37:foxD4	foxD4
Mdom_XP.001373972.1	fox_OG37:foxD4	foxD4
Mmus_NP.032048.1	fox_OG37:foxD4	foxD4
Hsap_NP.997188.2	fox_OG37:foxD4	foxD4
Hsap_NP.954586.4	fox_OG37:foxD4	foxD4
Csim_XP.014650927.1	fox_OG37:foxD4	foxD4
Cpor_XP.013010584.1	fox_OG37:foxD4	foxD4
Mjav_XP.036847234.1	fox_OG37:foxD4	foxD4
Casi_XP.006863895.1	fox_OG37:foxD4	foxD4
Mang_XP.045757341.1	fox_OG38:NA	NA
Clup_XP.038401447.1	fox_OG38:NA	NA
Amel_XP.019655962.1	fox_OG38:NA	NA
Clup_XP.038439326.1	fox_OG38:NA	NA
Ggal_NP.001382914.1	fox_OG39:foxC1	foxC1
Cimi_XP.017353003.1	fox_OG39:foxC1	foxC1
Oana_XP.028912285.1	fox_OG39:foxC1	foxC1
Dnov_XP.058141148.1	fox_OG39:foxC1	foxC1
Bbub_XP.025120521.1	fox_OG39:foxC1	foxC1
Drot_XP.053776986.1	fox_OG39:foxC1	foxC1
Rfer_XP.032971521.1	fox_OG39:foxC1	foxC1
Mdom_XP.007488114.2	fox_OG39:foxC1	foxC1
Casi_XP.006870626.1	fox_OG39:foxC1	foxC1
Pafr_XP.047652737.1	fox_OG39:foxC1	foxC1
Bmus_XP.036726614.1	fox_OG39:foxC1	foxC1
Hamp_XP.057555406.1	fox_OG39:foxC1	foxC1
Lcat_XP.045407522.1	fox_OG39:foxC1	foxC1
Opri_XP.058524289.1	fox_OG39:foxC1	foxC1
Cdid_XP.037699408.1	fox_OG39:foxC1	foxC1
Hsap_NP.001444.2	fox_OG39:foxC1	foxC1
Mjav_XP.036867643.1	fox_OG39:foxC1	foxC1
Scar_XP.047413053.1	fox_OG39:foxC1	foxC1
Cdro_XP.031291159.1	fox_OG39:foxC1	foxC1
Mmus_NP.032618.2	fox_OG39:foxC1	foxC1
Emax_XP.049738278.1	fox_OG39:foxC1	foxC1
Oafe_XP.007933566.1	fox_OG39:foxC1	foxC1
Mang_XP.045722432.1	fox_OG39:foxC1	foxC1
Ttru_XP.019800382.2	fox_OG39:foxC1	foxC1
Oana_XP.028909462.1	fox_OG39:foxC1	foxC1
Equa_XP.046496475.1	fox_OG39:foxC1	foxC1
Pgig_XP.039725399.1	fox_OG39:foxC1	foxC1
Shar_XP.023352145.2	fox_OG39:foxC1	foxC1
Ptig_XP.042841201.1	fox_OG39:foxC1	foxC1
Amel_XP.034516093.1	fox_OG39:foxC1	foxC1
Clup_XP.038439885.1	fox_OG39:foxC1	foxC1
Scar_XP.047385678.1	fox_OG40:foxC2	foxC2
Mjav_XP.036849635.1	fox_OG40:foxC2	foxC2
Cdro_XP.031292483.1	fox_OG40:foxC2	foxC2
Ttru_XP.033700545.1	fox_OG40:foxC2	foxC2
Tman_XP.023588281.1	fox_OG40:foxC2	foxC2
Csim_XP.004437101.1	fox_OG40:foxC2	foxC2
Pafr_XP.047648754.1	fox_OG40:foxC2	foxC2
Mjav_XP.036849634.1	fox_OG40:foxC2	foxC2
Rfer_XP.032982997.1	fox_OG40:foxC2	foxC2
Pgig_XP.039744659.1	fox_OG40:foxC2	foxC2
Ggal_NP.001382975.1	fox_OG40:foxC2	foxC2
Clup_XP.038394038.1	fox_OG40:foxC2	foxC2
Opri_XP.058530600.1	fox_OG40:foxC2	foxC2
Amel_XP.034495216.1	fox_OG40:foxC2	foxC2
Bmus_XP.036688981.1	fox_OG40:foxC2	foxC2
Lcat_XP.045389072.1	fox_OG40:foxC2	foxC2
Cpor_XP.005008627.1	fox_OG40:foxC2	foxC2
Mmus_NP.038547.2	fox_OG40:foxC2	foxC2
Oafe_XP.007937406.1	fox_OG40:foxC2	foxC2
Cdid_XP.037671788.1	fox_OG40:foxC2	foxC2
Bbub_XP.006080917.3	fox_OG40:foxC2	foxC2
Emax_XP.049720645.1	fox_OG40:foxC2	foxC2
Rfer_XP.032982975.1	fox_OG40:foxC2	foxC2
Equa_XP.046539000.1	fox_OG40:foxC2	foxC2
Ptig_XP.042825379.1	fox_OG40:foxC2	foxC2
Mang_XP.045746247.1	fox_OG40:foxC2	foxC2
Cimi_XP.017399160.1	fox_OG40:foxC2	foxC2
Drot_XP.053772216.1	fox_OG40:foxC2	foxC2
Hsap_NP.005242.1	fox_OG40:foxC2	foxC2
Hamp_XP.057568935.1	fox_OG40:foxC2	foxC2
Mdom_XP.001365891.1	fox_OG40:foxC2	foxC2
Dnov_XP.004450287.3	fox_OG40:foxC2	foxC2
Casi_XP.006860181.1	fox_OG40:foxC2	foxC2
Oana_XP.039769457.1	fox_OG40:foxC2	foxC2
Shar_XP.031806033.1	fox_OG40:foxC2	foxC2
Oana_XP.028921129.1	fox_OG41:hnf3g	hnf3g
Hsap_NP.004488.2	fox_OG41:hnf3g	hnf3g
Pafr_XP.047645608.1	fox_OG41:hnf3g	hnf3g
Ptig_XP.042825317.1	fox_OG41:hnf3g	hnf3g
Mjav_XP.017507570.1	fox_OG41:hnf3g	hnf3g
Mmus_NP.032286.1	fox_OG41:hnf3g	hnf3g
Casi_XP.006871384.1	fox_OG41:hnf3g	hnf3g
Shar_XP.031817519.1	fox_OG41:hnf3g	hnf3g
Oafe_XP.007941248.1	fox_OG41:hnf3g	hnf3g
Ttru_XP.033701564.1	fox_OG41:hnf3g	hnf3g
Mang_XP.045746361.1	fox_OG41:hnf3g	hnf3g
Clup_XP.038384456.1	fox_OG41:hnf3g	hnf3g
Opri_XP.004597990.1	fox_OG41:hnf3g	hnf3g
Hamp_XP.057566925.1	fox_OG41:hnf3g	hnf3g
Rfer_XP.032982943.1	fox_OG41:hnf3g	hnf3g
Dnov_XP.004481594.1	fox_OG41:hnf3g	hnf3g
Emax_XP.049757192.1	fox_OG41:hnf3g	hnf3g
Pgig_XP.039722184.1	fox_OG41:hnf3g	hnf3g
Tman_XP.004381648.1	fox_OG41:hnf3g	hnf3g
Mdom_XP.001364242.1	fox_OG41:hnf3g	hnf3g
Bmus_XP.036689576.1	fox_OG41:hnf3g	hnf3g
Equa_XP.046539522.1	fox_OG41:hnf3g	hnf3g
Bbub_XP.025125137.1	fox_OG41:hnf3g	hnf3g
Csim_XP.004440228.1	fox_OG41:hnf3g	hnf3g
Cimi_XP.017358010.1	fox_OG41:hnf3g	hnf3g
Scar_XP.047384662.1	fox_OG41:hnf3g	hnf3g
Cdid_XP.037675543.1	fox_OG41:hnf3g	hnf3g
Lcat_XP.045387339.1	fox_OG41:hnf3g	hnf3g
Cdro_XP.010985920.2	fox_OG41:hnf3g	hnf3g
Cpor_XP.003464639.1	fox_OG41:hnf3g	hnf3g
Amel_XP.002928546.3	fox_OG41:hnf3g	hnf3g
Drot_XP.024425331.1	fox_OG41:hnf3g	hnf3g
Ggal_XP.025006986.1	fox_OG42:hnf3a	hnf3a
Pafr_XP.047652638.1	fox_OG42:hnf3a	hnf3a
Emax_XP.049755462.1	fox_OG42:hnf3a	hnf3a
Cimi_XP.017386340.1	fox_OG42:hnf3a	hnf3a
Csim_XP.004436444.1	fox_OG42:hnf3a	hnf3a
Cpor_XP.013010026.1	fox_OG42:hnf3a	hnf3a
Ttru_XP.004326816.1	fox_OG42:hnf3a	hnf3a
Lcat_XP.045424245.1	fox_OG42:hnf3a	hnf3a
Scar_XP.047398474.1	fox_OG42:hnf3a	hnf3a
Mjav_XP.017504124.1	fox_OG42:hnf3a	hnf3a
Mang_XP.045757926.1	fox_OG42:hnf3a	hnf3a
Mmus_XP.017170451.1	fox_OG42:hnf3a	hnf3a
Casi_XP.006835393.1	fox_OG42:hnf3a	hnf3a
Dnov_XP.004453895.1	fox_OG42:hnf3a	hnf3a
Cdro_XP.010982088.2	fox_OG42:hnf3a	hnf3a
Clup_XP.038400478.1	fox_OG42:hnf3a	hnf3a
Hsap_NP.004487.2	fox_OG42:hnf3a	hnf3a
Ptig_XP.042845515.1	fox_OG42:hnf3a	hnf3a
Pgig_XP.039712440.1	fox_OG42:hnf3a	hnf3a
Shar_XP.003756460.3	fox_OG42:hnf3a	hnf3a
Amel_XP.019662027.2	fox_OG42:hnf3a	hnf3a
Oafe_XP.007936759.1	fox_OG42:hnf3a	hnf3a
Hamp_XP.057579078.1	fox_OG42:hnf3a	hnf3a
Bbub_XP.006074313.1	fox_OG42:hnf3a	hnf3a
Equa_XP.046511415.1	fox_OG42:hnf3a	hnf3a
Tman_XP.004376553.1	fox_OG42:hnf3a	hnf3a
Rfer_XP.032965023.1	fox_OG42:hnf3a	hnf3a
Drot_XP.053783670.1	fox_OG42:hnf3a	hnf3a
Opri_XP.004584835.2	fox_OG42:hnf3a	hnf3a
Mdom_XP.003339496.3	fox_OG42:hnf3a	hnf3a
Cdid_XP.037690784.1	fox_OG42:hnf3a	hnf3a
Bmus_XP.036697173.1	fox_OG42:hnf3a	hnf3a
Oana_XP.028934365.1	fox_OG42:hnf3a	hnf3a
Shar_XP.031825225.1	fox_OG43:foxE1	foxE1
Casi_XP.006863203.1	fox_OG43:foxE1	foxE1
Ggal_XP.040561338.1	fox_OG43:foxE1	foxE1
Oana_XP.007660203.2	fox_OG43:foxE1	foxE1
Mdom_XP.001372714.1	fox_OG43:foxE1	foxE1
Shar_XP.031824414.1	fox_OG43:foxE1	foxE1
Mang_XP.045737945.1	fox_OG43:foxE1	foxE1
Hamp_XP.057576142.1	fox_OG43:foxE1	foxE1
Lcat_XP.045418451.1	fox_OG43:foxE1	foxE1
Equa_XP.046500267.1	fox_OG43:foxE1	foxE1
Hsap_NP.004464.2	fox_OG43:foxE1	foxE1
Amel_XP.019650476.2	fox_OG43:foxE1	foxE1
Csim_XP.004423293.1	fox_OG43:foxE1	foxE1
Drot_XP.053778384.1	fox_OG43:foxE1	foxE1
Cimi_XP.017383334.1	fox_OG43:foxE1	foxE1
Cdro_XP.031305931.1	fox_OG43:foxE1	foxE1
Rfer_XP.032978155.1	fox_OG43:foxE1	foxE1
Bbub_XP.006080990.4	fox_OG43:foxE1	foxE1
Cdid_XP.037654444.1	fox_OG43:foxE1	foxE1
Ttru_XP.019804445.2	fox_OG43:foxE1	foxE1
Dnov_XP.004454020.1	fox_OG43:foxE1	foxE1
Clup_XP.038408835.1	fox_OG43:foxE1	foxE1
Pafr_XP.047623959.1	fox_OG43:foxE1	foxE1
Opri_XP.004581237.3	fox_OG43:foxE1	foxE1
Scar_XP.047379621.1	fox_OG43:foxE1	foxE1
Pgig_XP.039711385.1	fox_OG43:foxE1	foxE1
Mmus_NP.899121.1	fox_OG43:foxE1	foxE1
Emax_XP.049752918.1	fox_OG43:foxE1	foxE1
Bmus_XP.036710285.1	fox_OG43:foxE1	foxE1
Ptig_XP.042821250.1	fox_OG43:foxE1	foxE1
Mjav_XP.036860072.1	fox_OG43:foxE1	foxE1
Ggal_NP.990282.3	fox_OG44:foxD3	foxD3
Drot_XP.053776629.1	fox_OG44:foxD3	foxD3
Cdro_XP.031321142.1	fox_OG44:foxD3	foxD3
Ttru_XP.019774777.1	fox_OG44:foxD3	foxD3
Oana_XP.007663453.2	fox_OG44:foxD3	foxD3
Amel_XP.034509500.1	fox_OG44:foxD3	foxD3
Clup_XP.038391469.1	fox_OG44:foxD3	foxD3
Cdid_XP.037682960.1	fox_OG44:foxD3	foxD3
Mmus_NP.034555.3	fox_OG44:foxD3	foxD3
Cimi_XP.017397049.1	fox_OG44:foxD3	foxD3
Casi_XP.006862529.1	fox_OG44:foxD3	foxD3
Emax_XP.049731927.1	fox_OG44:foxD3	foxD3
Ptig_XP.042852934.1	fox_OG44:foxD3	foxD3
Scar_XP.047371747.1	fox_OG44:foxD3	foxD3
Bmus_XP.036709961.1	fox_OG44:foxD3	foxD3
Opri_XP.058516851.1	fox_OG44:foxD3	foxD3
Dnov_XP.004448976.1	fox_OG44:foxD3	foxD3
Mjav_XP.036880296.1	fox_OG44:foxD3	foxD3
Tman_XP.004369185.1	fox_OG44:foxD3	foxD3
Hsap_NP.036315.1	fox_OG44:foxD3	foxD3
Lcat_XP.045402384.1	fox_OG44:foxD3	foxD3
Bbub_XP.025144350.1	fox_OG44:foxD3	foxD3
Mang_XP.045751362.1	fox_OG44:foxD3	foxD3
Hamp_XP.057560293.1	fox_OG44:foxD3	foxD3
Pafr_XP.047648179.1	fox_OG44:foxD3	foxD3
Shar_XP.031824242.1	fox_OG44:foxD3	foxD3
Pgig_XP.039739159.1	fox_OG44:foxD3	foxD3
Rfer_XP.032969240.1	fox_OG44:foxD3	foxD3
Mdom_XP.056670078.1	fox_OG44:foxD3	foxD3
Scar_XP.047393167.1	fox_OG45:foxN3	foxN3
Opri_XP.058511345.1	fox_OG45:foxN3	foxN3
Cpor_XP.003472517.1	fox_OG45:foxN3	foxN3
Mmus_XP.006516295.1	fox_OG45:foxN3	foxN3
Hsap_NP.001078940.1	fox_OG45:foxN3	foxN3
Lcat_XP.045418142.1	fox_OG45:foxN3	foxN3
Cdro_XP.031310026.1	fox_OG45:foxN3	foxN3
Rfer_XP.032965297.1	fox_OG45:foxN3	foxN3
Bbub_XP.045018818.1	fox_OG45:foxN3	foxN3
Equa_XP.046503458.1	fox_OG45:foxN3	foxN3
Pgig_XP.039739926.1	fox_OG45:foxN3	foxN3
Bmus_XP.036697221.1	fox_OG45:foxN3	foxN3
Ttru_XP.019775018.1	fox_OG45:foxN3	foxN3
Mjav_XP.036847649.1	fox_OG45:foxN3	foxN3
Csim_XP.014645970.1	fox_OG45:foxN3	foxN3
Drot_XP.024424133.1	fox_OG45:foxN3	foxN3
Opri_XP.058516899.1	fox_OG45:foxN3	foxN3
Cimi_XP.017380034.1	fox_OG45:foxN3	foxN3
Bbub_XP.006061543.1	fox_OG45:foxN3	foxN3
Pafr_XP.047652286.1	fox_OG45:foxN3	foxN3
Hamp_XP.057589083.1	fox_OG45:foxN3	foxN3
Cimi_XP.017372373.1	fox_OG46:NA	foxR2
Hsap_NP.940853.1	fox_OG47:foxR2	foxR2
Mdom_XP.007478014.2	fox_OG48:foxI2	foxI2
Mjav_XP.017495569.2	fox_OG48:foxI2	foxI2
Shar_XP.031812885.1	fox_OG48:foxI2	foxI2
Cdro_XP.031317856.1	fox_OG48:foxI2	foxI2
Cdid_XP.037661256.1	fox_OG48:foxI2	foxI2
Hamp_XP.057593248.1	fox_OG48:foxI2	foxI2
Ttru_XP.019795179.2	fox_OG48:foxI2	foxI2
Ptig_XP.042815793.1	fox_OG48:foxI2	foxI2
Bmus_XP.036685524.1	fox_OG48:foxI2	foxI2
Oafe_XP.007935078.1	fox_OG48:foxI2	foxI2
Bbub_XP.025129910.2	fox_OG48:foxI2	foxI2
Cimi_XP.017393376.1	fox_OG48:foxI2	foxI2
Lcat_XP.045424382.1	fox_OG48:foxI2	foxI2
Mmus_NP.899016.2	fox_OG48:foxI2	foxI2
Opri_XP.004579799.2	fox_OG48:foxI2	foxI2
Scar_XP.047407992.1	fox_OG48:foxI2	foxI2
Tman_XP.004375038.1	fox_OG48:foxI2	foxI2
Dnov_XP.004479387.2	fox_OG48:foxI2	foxI2
Amel_XP.034517693.1	fox_OG48:foxI2	foxI2
Rfer_XP.032986720.1	fox_OG48:foxI2	foxI2
Equa_XP.046508191.1	fox_OG48:foxI2	foxI2
Casi_XP.006867537.1	fox_OG48:foxI2	foxI2
Pafr_XP.047617388.1	fox_OG48:foxI2	foxI2
Csim_XP.014649530.1	fox_OG48:foxI2	foxI2
Drot_XP.045047252.2	fox_OG48:foxI2	foxI2
Hsap_NP.997309.2	fox_OG48:foxI2	foxI2
Mang_XP.045732277.1	fox_OG48:foxI2	foxI2
Cpor_XP.003479857.1	fox_OG48:foxI2	foxI2
Clup_XP.038433915.1	fox_OG48:foxI2	foxI2
Ggal_NP.990523.3	fox_OG49:foxD1	foxD1
Lcat_XP.045421654.1	fox_OG49:foxD1	foxD1
Oana_XP.028933047.1	fox_OG49:foxD1	foxD1
Cimi_XP.017383122.1	fox_OG49:foxD1	foxD1
Drot_XP.053781190.1	fox_OG49:foxD1	foxD1
Pafr_XP.047630421.1	fox_OG49:foxD1	foxD1
Clup_XP.038385555.1	fox_OG49:foxD1	foxD1
Shar_XP.031822455.1	fox_OG49:foxD1	foxD1
Bmus_XP.036703665.1	fox_OG49:foxD1	foxD1
Mdom_XP.056680722.1	fox_OG49:foxD1	foxD1
Ttru_XP.019784789.1	fox_OG49:foxD1	foxD1
Cdid_XP.037657638.1	fox_OG49:foxD1	foxD1
Mmus_NP.032268.2	fox_OG49:foxD1	foxD1
Scar_XP.047412450.1	fox_OG49:foxD1	foxD1
Dnov_XP.058161988.1	fox_OG49:foxD1	foxD1
Hsap_NP.004463.1	fox_OG49:foxD1	foxD1
Cdro_XP.031302569.1	fox_OG49:foxD1	foxD1
Rfer_XP.032965774.1	fox_OG49:foxD1	foxD1
Emax_XP.049721422.1	fox_OG49:foxD1	foxD1
Bbub_XP.025126650.2	fox_OG49:foxD1	foxD1
Pgig_XP.039714034.1	fox_OG49:foxD1	foxD1
Hamp_XP.057554809.1	fox_OG49:foxD1	foxD1
Mjav_XP.036882073.1	fox_OG49:foxD1	foxD1
Ptig_XP.042844167.1	fox_OG49:foxD1	foxD1
Mang_XP.045742895.1	fox_OG49:foxD1	foxD1
Opri_XP.058512313.1	fox_OG49:foxD1	foxD1
Ptig_XP.042823025.1	fox_OG50:NA	NA
Cdro_XP.031325602.1	fox_OG50:NA	NA
Dnov_XP.058140947.1	fox_OG50:NA	NA
Cdid_XP.037666595.1	fox_OG50:NA	NA
Shar_XP.023357319.1	fox_OG51:foxN3	foxN3
Mdom_XP.056666520.1	fox_OG51:foxN3	foxN3
Oana_XP.028914735.1	fox_OG51:foxN3	foxN3
Ggal_XP.015143223.2	fox_OG51:foxN3	foxN3
Ggal_XP.425185.2	fox_OG52:foxI1	foxI1
Cpor_XP.003473379.2	fox_OG52:foxI1	foxI1
Cdro_XP.031293629.1	fox_OG52:foxI1	foxI1
Pgig_XP.039732217.1	fox_OG52:foxI1	foxI1
Pafr_XP.047640916.1	fox_OG52:foxI1	foxI1
Lcat_XP.045408637.1	fox_OG52:foxI1	foxI1
Cimi_XP.017403198.1	fox_OG52:foxI1	foxI1
Oafe_XP.007937941.1	fox_OG52:foxI1	foxI1
Csim_XP.004428597.1	fox_OG52:foxI1	foxI1
Cdid_XP.037655181.1	fox_OG52:foxI1	foxI1
Hsap_NP.036320.2	fox_OG52:foxI1	foxI1
Ptig_XP.007077705.2	fox_OG52:foxI1	foxI1
Mdom_XP.001370284.1	fox_OG52:foxI1	foxI1
Ttru_XP.033711041.1	fox_OG52:foxI1	foxI1
Shar_XP.003756860.1	fox_OG52:foxI1	foxI1
Rfer_XP.032952356.1	fox_OG52:foxI1	foxI1
Mjav_XP.017510459.2	fox_OG52:foxI1	foxI1
Casi_XP.006864891.1	fox_OG52:foxI1	foxI1
Mmus_NP.076396.3	fox_OG52:foxI1	foxI1
Scar_XP.047412385.1	fox_OG52:foxI1	foxI1
Drot_XP.024432893.2	fox_OG52:foxI1	foxI1
Hamp_XP.057605245.1	fox_OG52:foxI1	foxI1
Amel_XP.002931169.2	fox_OG52:foxI1	foxI1
Opri_XP.004587500.1	fox_OG52:foxI1	foxI1
Mang_XP.045743383.1	fox_OG52:foxI1	foxI1
Equa_XP.046524041.1	fox_OG52:foxI1	foxI1
Bmus_XP.036703672.1	fox_OG52:foxI1	foxI1
Oana_XP.028905836.1	fox_OG52:foxI1	foxI1
Tman_XP.004371270.1	fox_OG52:foxI1	foxI1
Emax_XP.049714816.1	fox_OG52:foxI1	foxI1
Clup_XP.038389675.1	fox_OG52:foxI1	foxI1
Bbub_XP.006075587.1	fox_OG52:foxI1	foxI1
Dnov_XP.004460267.2	fox_OG52:foxI1	foxI1
Ggal_NP.990283.1	fox_OG53:foxD2	foxD2
Emax_XP.049731922.1	fox_OG53:foxD2	foxD2
Cdro_XP.031320938.1	fox_OG53:foxD2	foxD2
Ptig_XP.042852978.1	fox_OG53:foxD2	foxD2
Cdid_XP.037683211.1	fox_OG53:foxD2	foxD2
Clup_XP.038413506.1	fox_OG53:foxD2	foxD2
Mang_XP.045751380.1	fox_OG53:foxD2	foxD2
Oafe_XP.007944900.1	fox_OG53:foxD2	foxD2
Drot_XP.053776598.1	fox_OG53:foxD2	foxD2
Equa_XP.046519295.1	fox_OG53:foxD2	foxD2
Hamp_XP.057551251.1	fox_OG53:foxD2	foxD2
Cpor_XP.003461518.1	fox_OG53:foxD2	foxD2
Csim_XP.004438679.1	fox_OG53:foxD2	foxD2
Casi_XP.006839796.1	fox_OG53:foxD2	foxD2
Scar_XP.053599256.1	fox_OG53:foxD2	foxD2
Shar_XP.031825021.1	fox_OG53:foxD2	foxD2
Cimi_XP.017365579.1	fox_OG53:foxD2	foxD2
Mdom_XP.003340123.1	fox_OG53:foxD2	foxD2
Bmus_XP.036724630.1	fox_OG53:foxD2	foxD2
Pafr_XP.047645114.1	fox_OG53:foxD2	foxD2
Cdro_XP.031319575.1	fox_OG53:foxD2	foxD2
Mjav_XP.036877843.1	fox_OG53:foxD2	foxD2
Hsap_NP.004465.3	fox_OG53:foxD2	foxD2
Dnov_XP.004447059.1	fox_OG53:foxD2	foxD2
Amel_XP.034511495.1	fox_OG53:foxD2	foxD2
Oafe_XP.007944917.1	fox_OG53:foxD2	foxD2
Bbub_XP.025144570.1	fox_OG53:foxD2	foxD2
Ttru_XP.019793278.1	fox_OG53:foxD2	foxD2
Rfer_XP.032969197.1	fox_OG53:foxD2	foxD2
Tman_XP.004371825.1	fox_OG53:foxD2	foxD2
Oana_XP.028902568.1	fox_OG53:foxD2	foxD2
Opri_XP.004598554.3	fox_OG53:foxD2	foxD2
Pgig_XP.039741502.1	fox_OG53:foxD2	foxD2
Mmus_NP.032619.1	fox_OG53:foxD2	foxD2
Lcat_XP.045401421.1	fox_OG53:foxD2	foxD2
Csim_XP.004433028.1	fox_OG54:NA	NA
Rfer_XP.032946066.1	fox_OG54:NA	NA
Pgig_XP.039715358.1	fox_OG54:NA	NA
Emax_XP.049754885.1	fox_OG55:foxN3	foxN3
Tman_XP.023587457.1	fox_OG56:NA	foxN3
Cdid_XP.037678324.1	fox_OG57:NA	NA
Dnov_XP.004462180.1	fox_OG58:NA	NA
Bbub_XP.006068529.1	fox_OG59:NA	NA
Mang_XP.045748670.1	fox_OG59:NA	NA
Pafr_XP.047620398.1	fox_OG59:NA	NA
Bmus_XP.036694953.1	fox_OG59:NA	NA
Cdro_XP.010983165.1	fox_OG59:NA	NA
Hamp_XP.057573282.1	fox_OG59:NA	NA
Rfer_XP.032949909.1	fox_OG59:NA	NA
Equa_XP.046528957.1	fox_OG59:NA	NA
Pgig_XP.039707370.1	fox_OG59:NA	NA
Amel_XP.002930558.1	fox_OG59:NA	NA
Mjav_XP.017524585.2	fox_OG59:NA	NA
Clup_XP.038442440.1	fox_OG59:NA	NA
Mdom_XP.007483490.1	fox_OG60:NA	NA
Shar_XP.023358615.2	fox_OG60:NA	NA
Ggal_NP.001382146.1	fox_OG60:NA	NA
Mjav_XP.036853444.1	fox_OG60:NA	NA
Pafr_XP.047615141.1	fox_OG61:NA	NA
Bmus_XP.036692188.1	fox_OG61:NA	NA
Ttru_XP.033703709.1	fox_OG61:NA	NA
Bbub_XP.006053445.2	fox_OG62:NA	NA
Oana_XP.039768943.1	fox_OG63:foxN2	foxN2
Shar_XP.031806310.1	fox_OG63:foxN2	foxN2
Pgig_XP.039743145.1	fox_OG63:foxN2	foxN2
Emax_XP.049726307.1	fox_OG63:foxN2	foxN2
Casi_XP.006839498.1	fox_OG63:foxN2	foxN2
Csim_XP.004436724.1	fox_OG63:foxN2	foxN2
Cdro_XP.031322832.1	fox_OG63:foxN2	foxN2
Amel_XP.011215591.1	fox_OG63:foxN2	foxN2
Bmus_XP.036729273.1	fox_OG63:foxN2	foxN2
Tman_XP.023591138.1	fox_OG63:foxN2	foxN2
Dnov_XP.023444629.2	fox_OG63:foxN2	foxN2
Lcat_XP.045405515.1	fox_OG63:foxN2	foxN2
Hsap_XP.047300063.1	fox_OG63:foxN2	foxN2
Opri_XP.058523737.1	fox_OG63:foxN2	foxN2
Cimi_XP.017404014.1	fox_OG63:foxN2	foxN2
Clup_XP.038407168.1	fox_OG63:foxN2	foxN2
Drot_XP.053780764.1	fox_OG63:foxN2	foxN2
Mang_XP.045740997.1	fox_OG63:foxN2	foxN2
Scar_XP.047378662.1	fox_OG63:foxN2	foxN2
Equa_XP.046519098.1	fox_OG63:foxN2	foxN2
Ptig_XP.042837276.1	fox_OG63:foxN2	foxN2
Pafr_XP.047638079.1	fox_OG63:foxN2	foxN2
Cdid_XP.037662960.1	fox_OG63:foxN2	foxN2
Ggal_XP.046794679.1	fox_OG63:foxN2	foxN2
Oafe_XP.007952184.1	fox_OG63:foxN2	foxN2
Mmus_XP.036016210.1	fox_OG63:foxN2	foxN2
Mjav_XP.017530752.1	fox_OG63:foxN2	foxN2
Hamp_XP.057599130.1	fox_OG63:foxN2	foxN2
Cpor_XP.003473126.1	fox_OG63:foxN2	foxN2
Bbub_XP.044781825.1	fox_OG63:foxN2	foxN2
Mdom_XP.001375500.1	fox_OG63:foxN2	foxN2
Ttru_XP.033694467.1	fox_OG63:foxN2	foxN2
Rfer_XP.032981124.1	fox_OG63:foxN2	foxN2
Emax_XP.049728576.1	fox_OG64:foxR2	foxR2
Tman_XP.004391284.1	fox_OG65:NA	foxR2
Shar_XP.031815965.1	fox_OG66:foxR1	foxR1
Drot_XP.024426718.1	fox_OG66:foxR1	foxR1
Mdom_XP.001380644.1	fox_OG66:foxR1	foxR1
Oana_XP.028931756.1	fox_OG66:foxR1	foxR1
Casi_XP.006834052.1	fox_OG66:foxR1	foxR1
Equa_XP.046540933.1	fox_OG66:foxR1	foxR1
Mmus_NP.001028641.1	fox_OG66:foxR1	foxR1
Cpor_XP.003472699.1	fox_OG66:foxR1	foxR1
Bbub_XP.044785576.1	fox_OG66:foxR1	foxR1
Pgig_XP.039722531.1	fox_OG66:foxR1	foxR1
Rfer_XP.032976774.1	fox_OG66:foxR1	foxR1
Ptig_XP.042814206.1	fox_OG66:foxR1	foxR1
Bmus_XP.036721689.1	fox_OG66:foxR1	foxR1
Bmus_XP.036715648.1	fox_OG66:foxR1	foxR1
Cdro_XP.031299399.1	fox_OG66:foxR1	foxR1
Pafr_XP.047609433.1	fox_OG66:foxR1	foxR1
Hsap_XP.016873064.1	fox_OG66:foxR1	foxR1
Cdid_XP.037695751.1	fox_OG66:foxR1	foxR1
Csim_XP.004427297.1	fox_OG66:foxR1	foxR1
Emax_XP.049713316.1	fox_OG66:foxR1	foxR1
Mjav_XP.017505694.2	fox_OG66:foxR1	foxR1
Hsap_NP.859072.1	fox_OG66:foxR1	foxR1
Lcat_XP.045412286.1	fox_OG66:foxR1	foxR1
Dnov_XP.023443955.1	fox_OG66:foxR1	foxR1
Amel_XP.034521812.1	fox_OG66:foxR1	foxR1
Hamp_XP.057603312.1	fox_OG66:foxR1	foxR1
Tman_XP.004385753.1	fox_OG66:foxR1	foxR1
Oafe_XP.007934779.1	fox_OG66:foxR1	foxR1
Clup_XP.038391436.1	fox_OG66:foxR1	foxR1
Scar_XP.047373976.1	fox_OG66:foxR1	foxR1
Opri_XP.058519782.1	fox_OG66:foxR1	foxR1
Ttru_XP.033717853.1	fox_OG66:foxR1	foxR1
Oafe_XP.007947037.1	fox_OG66:foxR1	foxR1
Mang_XP.045748841.1	fox_OG66:foxR1	foxR1
Cimi_XP.017378961.1	fox_OG66:foxR1	foxR1
Lcat_XP.045383006.1	fox_OG67:foxK2	foxK2
Casi_XP.006869677.1	fox_OG67:foxK2	foxK2
Mmus_XP.011247520.1	fox_OG67:foxK2	foxK2
Drot_XP.024409582.3	fox_OG67:foxK2	foxK2
Cpor_XP.013002484.1	fox_OG67:foxK2	foxK2
Tman_XP.023584943.1	fox_OG67:foxK2	foxK2
Scar_XP.047400835.1	fox_OG67:foxK2	foxK2
Opri_XP.058532091.1	fox_OG67:foxK2	foxK2
Oafe_XP.007957978.1	fox_OG67:foxK2	foxK2
Hsap_NP.004505.2	fox_OG67:foxK2	foxK2
Emax_XP.049715130.1	fox_OG67:foxK2	foxK2
Cimi_XP.017380207.1	fox_OG67:foxK2	foxK2
Hamp_XP.057574401.1	fox_OG68:NA	NA
Hamp_XP.057571581.1	fox_OG69:NA	NA
Lcat_XP.045397194.1	fox_OG70:foxK1	foxK1
Bmus_XP.036681953.1	fox_OG70:foxK1	foxK1
Pgig_XP.039734750.1	fox_OG70:foxK1	foxK1
Equa_XP.046521295.1	fox_OG70:foxK1	foxK1
Hsap_NP.001032242.1	fox_OG70:foxK1	foxK1
Emax_XP.049758808.1	fox_OG70:foxK1	foxK1
Oana_XP.028905334.1	fox_OG70:foxK1	foxK1
Opri_XP.012786071.2	fox_OG70:foxK1	foxK1
Cimi_XP.017389267.1	fox_OG70:foxK1	foxK1
Drot_XP.053782069.1	fox_OG70:foxK1	foxK1
Cpor_XP.023420906.1	fox_OG70:foxK1	foxK1
Dnov_XP.004454003.2	fox_OG70:foxK1	foxK1
Scar_XP.047389516.1	fox_OG70:foxK1	foxK1
Csim_XP.004440941.1	fox_OG70:foxK1	foxK1
Mmus_NP.951031.2	fox_OG70:foxK1	foxK1
Shar_XP.031796898.1	fox_OG70:foxK1	foxK1
Hamp_XP.057604533.1	fox_OG70:foxK1	foxK1
Mang_XP.045731846.1	fox_OG70:foxK1	foxK1
Casi_XP.006859933.1	fox_OG70:foxK1	foxK1
Clup_XP.038395513.1	fox_OG70:foxK1	foxK1
Cdid_XP.037669880.1	fox_OG70:foxK1	foxK1
Pafr_XP.047635407.1	fox_OG70:foxK1	foxK1
Tman_XP.004380896.3	fox_OG70:foxK1	foxK1
Amel_XP.011219634.2	fox_OG70:foxK1	foxK1
Mjav_XP.036866572.1	fox_OG70:foxK1	foxK1
Ttru_XP.019802935.2	fox_OG70:foxK1	foxK1
Cdro_XP.031327189.1	fox_OG70:foxK1	foxK1
Mdom_XP.056662440.1	fox_OG70:foxK1	foxK1
Ptig_XP.042828249.1	fox_OG70:foxK1	foxK1
Rfer_XP.032951743.1	fox_OG70:foxK1	foxK1
Oafe_XP.007941047.1	fox_OG70:foxK1	foxK1
Ggal_XP.015149844.1	fox_OG70:foxK1	foxK1
Bbub_XP.025131152.1	fox_OG70:foxK1	foxK1
Hsap_NP.001400854.1	fox_OG71:foxM1	foxM1
Lcat_XP.045410542.1	fox_OG72:NA	NA
Ggal_XP.046760565.1	fox_OG73:NA	NA
Oana_XP.028912611.1	fox_OG74:foxK2	foxK2
Clup_XP.038402133.1	fox_OG75:NA	NA
Amel_XP.019662714.1	fox_OG76:NA	NA
Mang_XP.045744166.1	fox_OG77:NA	NA
Equa_XP.046532308.1	fox_OG78:NA	NA
Ptig_XP.042846258.1	fox_OG79:NA	NA
Oafe_XP.007942676.1	fox_OG80:NA	NA
Casi_XP.006839645.1	fox_OG81:NA	NA
Mmus_XP.011246143.1	fox_OG82:foxR2	foxR2
Opri_XP.058514738.1	fox_OG83:NA	NA
Scar_XP.047391089.1	fox_OG84:NA	NA
Ggal_XP.015137672.3	fox_OG85:NA	NA
Ggal_XP.015141419.2	fox_OG86:NA	NA
Ggal_XP.015144532.3	fox_OG87:NA	NA
Ggal_XP.015136219.2	fox_OG88:NA	NA
Cpor_XP.004999985.1	fox_OG89:NA	NA
Cdid_XP.037667673.1	sox_OG0:sox-18	sox-18
Opri_XP.004586020.2	sox_OG0:sox-18	sox-18
Clup_XP.038427314.1	sox_OG0:sox-18	sox-18
Scar_XP.047396502.1	sox_OG0:sox-18	sox-18
Cpor_XP.003462830.1	sox_OG0:sox-18	sox-18
Mjav_XP.036862488.1	sox_OG0:sox-18	sox-18
Bmus_XP.036681681.1	sox_OG0:sox-18	sox-18
Cdro_XP.031289217.1	sox_OG0:sox-18	sox-18
Lcat_XP.045384104.1	sox_OG0:sox-18	sox-18
Cimi_XP.017371142.1	sox_OG0:sox-18	sox-18
Equa_XP.046535409.1	sox_OG0:sox-18	sox-18
Bbub_XP.025119695.1	sox_OG0:sox-18	sox-18
Csim_XP.004430565.1	sox_OG0:sox-18	sox-18
Rfer_XP.032951103.1	sox_OG0:sox-18	sox-18
Drot_XP.053783310.1	sox_OG0:sox-18	sox-18
Pgig_XP.039720817.1	sox_OG0:sox-18	sox-18
Ttru_XP.019806802.1	sox_OG0:sox-18	sox-18
Pafr_XP.047626512.1	sox_OG0:sox-18	sox-18
Mang_XP.045742130.1	sox_OG0:sox-18	sox-18
Mmus_NP.033262.2	sox_OG0:sox-18	sox-18
Ptig_XP.042835603.1	sox_OG0:sox-18	sox-18
Hsap_NP.060889.1	sox_OG0:sox-18	sox-18
Hamp_XP.057559896.1	sox_OG0:sox-18	sox-18
Dnov_XP.058143328.1	sox_OG0:sox-18	sox-18
Shar_XP.023350160.2	sox_OG1:sox-18	sox-18
Oana_XP.028925867.1	sox_OG1:sox-18	sox-18
Mdom_XP.007475557.3	sox_OG1:sox-18	sox-18
Ggal_NP.989640.1	sox_OG1:sox-18	sox-18
Ggal_XP.040551910.1	sox_OG2:sox-17	sox-17
Opri_XP.004580649.2	sox_OG2:sox-17	sox-17
Ggal_NP.001034415.2	sox_OG2:sox-17	sox-17
Mdom_XP.001379706.1	sox_OG2:sox-17	sox-17
Cdid_XP.037658799.1	sox_OG2:sox-17	sox-17
Lcat_XP.045416951.1	sox_OG2:sox-17	sox-17
Mmus_NP.001276393.1	sox_OG2:sox-17	sox-17
Tman_XP.004372647.1	sox_OG2:sox-17	sox-17
Rfer_XP.032981648.1	sox_OG2:sox-17	sox-17
Cpor_XP.005002064.1	sox_OG2:sox-17	sox-17
Oafe_XP.007950410.1	sox_OG2:sox-17	sox-17
Oana_XP.028925260.1	sox_OG2:sox-17	sox-17
Mdom_XP.001368625.2	sox_OG2:sox-17	sox-17
Amel_XP.002925690.2	sox_OG2:sox-17	sox-17
Scar_XP.047417202.1	sox_OG2:sox-17	sox-17
Hsap_NP.071899.1	sox_OG2:sox-17	sox-17
Cimi_XP.017387282.1	sox_OG2:sox-17	sox-17
Mjav_XP.036855229.1	sox_OG2:sox-17	sox-17
Shar_XP.003759826.2	sox_OG2:sox-17	sox-17
Bbub_XP.025121191.1	sox_OG2:sox-17	sox-17
Casi_XP.006871910.1	sox_OG2:sox-17	sox-17
Shar_XP.031802254.1	sox_OG2:sox-17	sox-17
Clup_XP.038435168.1	sox_OG2:sox-17	sox-17
Csim_XP.004435766.1	sox_OG2:sox-17	sox-17
Emax_XP.049716401.1	sox_OG2:sox-17	sox-17
Cdro_XP.010987841.2	sox_OG2:sox-17	sox-17
Ptig_XP.042829097.1	sox_OG2:sox-17	sox-17
Bmus_XP.036685683.1	sox_OG2:sox-17	sox-17
Pgig_XP.039724865.1	sox_OG2:sox-17	sox-17
Mang_XP.045752504.1	sox_OG2:sox-17	sox-17
Pafr_XP.047639872.1	sox_OG2:sox-17	sox-17
Hamp_XP.057592218.1	sox_OG2:sox-17	sox-17
Equa_XP.046498273.1	sox_OG2:sox-17	sox-17
Dnov_XP.058131520.1	sox_OG2:sox-17	sox-17
Drot_XP.024434049.3	sox_OG2:sox-17	sox-17
Ttru_XP.019780997.1	sox_OG2:sox-17	sox-17
Oana_XP.028909114.1	sox_OG3:sox-7	sox-7
Bbub_XP.006064379.2	sox_OG3:sox-7	sox-7
Csim_XP.014645382.1	sox_OG3:sox-7	sox-7
Mdom_XP.001373591.1	sox_OG3:sox-7	sox-7
Casi_XP.006864394.1	sox_OG3:sox-7	sox-7
Ptig_XP.042839510.1	sox_OG3:sox-7	sox-7
Tman_XP.004382257.1	sox_OG3:sox-7	sox-7
Clup_XP.038429590.1	sox_OG3:sox-7	sox-7
Pgig_XP.039731999.1	sox_OG3:sox-7	sox-7
Ggal_XP.046795199.1	sox_OG3:sox-7	sox-7
Cimi_XP.017395944.1	sox_OG3:sox-7	sox-7
Mmus_NP.035576.1	sox_OG3:sox-7	sox-7
Emax_XP.049722562.1	sox_OG3:sox-7	sox-7
Amel_XP.011214939.2	sox_OG3:sox-7	sox-7
Rfer_XP.032989201.1	sox_OG3:sox-7	sox-7
Equa_XP.046512534.1	sox_OG3:sox-7	sox-7
Ttru_XP.033713462.1	sox_OG3:sox-7	sox-7
Cpor_XP.003479745.1	sox_OG3:sox-7	sox-7
Shar_XP.003758123.1	sox_OG3:sox-7	sox-7
Cdid_XP.037668898.1	sox_OG3:sox-7	sox-7
Hamp_XP.057576011.1	sox_OG3:sox-7	sox-7
Bmus_XP.036712190.1	sox_OG3:sox-7	sox-7
Scar_XP.047405527.1	sox_OG3:sox-7	sox-7
Drot_XP.053767954.1	sox_OG3:sox-7	sox-7
Pafr_XP.047615897.1	sox_OG3:sox-7	sox-7
Hsap_NP.113627.1	sox_OG3:sox-7	sox-7
Mang_XP.045736052.1	sox_OG3:sox-7	sox-7
Dnov_XP.058144023.1	sox_OG3:sox-7	sox-7
Cdro_XP.031297983.1	sox_OG3:sox-7	sox-7
Lcat_XP.045391548.1	sox_OG3:sox-7	sox-7
Opri_XP.004579156.2	sox_OG3:sox-7	sox-7
Oafe_XP.007936906.1	sox_OG3:sox-7	sox-7
Mjav_XP.036854859.1	sox_OG3:sox-7	sox-7
Pafr_XP.047609577.1	sox_OG4:sox-30	sox-30
Ptig_XP.007077656.3	sox_OG4:sox-30	sox-30
Bmus_XP.036704125.1	sox_OG4:sox-30	sox-30
Oana_XP.039766108.1	sox_OG4:sox-30	sox-30
Cimi_XP.017372578.1	sox_OG4:sox-30	sox-30
Oafe_XP.007948121.1	sox_OG4:sox-30	sox-30
Cdro_XP.031305277.1	sox_OG4:sox-30	sox-30
Emax_XP.049730174.1	sox_OG4:sox-30	sox-30
Hamp_XP.057558120.1	sox_OG4:sox-30	sox-30
Lcat_XP.045408644.1	sox_OG4:sox-30	sox-30
Shar_XP.031809461.1	sox_OG4:sox-30	sox-30
Bbub_XP.006058618.4	sox_OG4:sox-30	sox-30
Drot_XP.024432555.2	sox_OG4:sox-30	sox-30
Clup_XP.038390830.1	sox_OG4:sox-30	sox-30
Cpor_XP.003473352.1	sox_OG4:sox-30	sox-30
Ttru_XP.019780387.1	sox_OG4:sox-30	sox-30
Opri_XP.004587550.2	sox_OG4:sox-30	sox-30
Mdom_XP.001379720.1	sox_OG4:sox-30	sox-30
Equa_XP.046521338.1	sox_OG4:sox-30	sox-30
Csim_XP.004428646.1	sox_OG4:sox-30	sox-30
Cdid_XP.037655441.1	sox_OG4:sox-30	sox-30
Ggal_XP.414564.1	sox_OG4:sox-30	sox-30
Dnov_XP.058162315.1	sox_OG4:sox-30	sox-30
Scar_XP.047412799.1	sox_OG4:sox-30	sox-30
Mmus_NP.775560.1	sox_OG4:sox-30	sox-30
Amel_XP.019650665.2	sox_OG4:sox-30	sox-30
Pgig_XP.039732492.1	sox_OG4:sox-30	sox-30
Mjav_XP.036881068.1	sox_OG4:sox-30	sox-30
Mang_XP.045743539.1	sox_OG4:sox-30	sox-30
Rfer_XP.032952708.1	sox_OG4:sox-30	sox-30
Tman_XP.004371314.1	sox_OG4:sox-30	sox-30
Hsap_NP.848511.1	sox_OG4:sox-30	sox-30
Casi_XP.006863994.1	sox_OG4:sox-30	sox-30
Amel_XP.034508949.1	sox_OG4:sox-30	sox-30
Scar_XP.047389638.1	sox_OG5:sox-8	sox-8
Bmus_XP.036681892.1	sox_OG5:sox-8	sox-8
Pafr_XP.047635134.1	sox_OG5:sox-8	sox-8
Drot_XP.024409185.2	sox_OG5:sox-8	sox-8
Mjav_XP.017502547.2	sox_OG5:sox-8	sox-8
Clup_XP.038394815.1	sox_OG5:sox-8	sox-8
Rfer_XP.032957935.1	sox_OG5:sox-8	sox-8
Equa_XP.046523802.1	sox_OG5:sox-8	sox-8
Amel_XP.034525488.1	sox_OG5:sox-8	sox-8
Cimi_XP.017366444.1	sox_OG5:sox-8	sox-8
Csim_XP.004438275.1	sox_OG5:sox-8	sox-8
Bbub_XP.025130606.3	sox_OG5:sox-8	sox-8
Lcat_XP.045397007.1	sox_OG5:sox-8	sox-8
Hamp_XP.057551434.1	sox_OG5:sox-8	sox-8
Pgig_XP.039740781.1	sox_OG5:sox-8	sox-8
Hsap_NP.055402.2	sox_OG5:sox-8	sox-8
Mang_XP.045730580.1	sox_OG5:sox-8	sox-8
Cdro_XP.010989436.2	sox_OG5:sox-8	sox-8
Ptig_XP.042827523.1	sox_OG5:sox-8	sox-8
Ttru_XP.033696379.1	sox_OG5:sox-8	sox-8
Bmus_XP.036722097.1	sox_OG6:NA	NA
Ttru_XP.019791993.1	sox_OG7:NA	NA
Oana_XP.028908350.1	sox_OG8:sox-4	sox-4
Opri_XP.058523457.1	sox_OG8:sox-4	sox-4
Ggal_NP.989815.2	sox_OG8:sox-4	sox-4
Casi_XP.006860848.1	sox_OG8:sox-4	sox-4
Lcat_XP.045407834.1	sox_OG8:sox-4	sox-4
Ttru_XP.033719780.1	sox_OG8:sox-4	sox-4
Cpor_XP.003468908.2	sox_OG8:sox-4	sox-4
Mdom_XP.007487941.1	sox_OG8:sox-4	sox-4
Scar_XP.047414294.1	sox_OG8:sox-4	sox-4
Hsap_NP.003098.1	sox_OG8:sox-4	sox-4
Bbub_XP.025121975.3	sox_OG8:sox-4	sox-4
Hamp_XP.057555091.1	sox_OG8:sox-4	sox-4
Mmus_NP.033264.2	sox_OG8:sox-4	sox-4
Drot_XP.053776704.1	sox_OG8:sox-4	sox-4
Oafe_XP.007950280.1	sox_OG8:sox-4	sox-4
Dnov_XP.012385001.3	sox_OG8:sox-4	sox-4
Clup_XP.038440195.1	sox_OG8:sox-4	sox-4
Equa_XP.046497050.1	sox_OG8:sox-4	sox-4
Amel_XP.034516148.1	sox_OG8:sox-4	sox-4
Cdro_XP.031290990.1	sox_OG8:sox-4	sox-4
Emax_XP.049732340.1	sox_OG8:sox-4	sox-4
Csim_XP.004432138.1	sox_OG8:sox-4	sox-4
Mjav_XP.036850086.1	sox_OG8:sox-4	sox-4
Pgig_XP.039722376.1	sox_OG8:sox-4	sox-4
Ptig_XP.042841543.1	sox_OG8:sox-4	sox-4
Bmus_XP.036725088.1	sox_OG8:sox-4	sox-4
Tman_XP.023594118.1	sox_OG8:sox-4	sox-4
Pafr_XP.047651758.1	sox_OG8:sox-4	sox-4
Mang_XP.045722257.1	sox_OG8:sox-4	sox-4
Rfer_XP.032971451.1	sox_OG8:sox-4	sox-4
Cdid_XP.037700378.1	sox_OG8:sox-4	sox-4
Cimi_XP.017399572.1	sox_OG8:sox-4	sox-4
Shar_XP.031802646.1	sox_OG8:sox-4	sox-4
Shar_XP.003775357.4	sox_OG9:sox-15	sox-15
Dnov_XP.004468798.1	sox_OG9:sox-15	sox-15
Mdom_XP.056673573.1	sox_OG9:sox-15	sox-15
Oana_XP.039766818.1	sox_OG9:sox-15	sox-15
Clup_XP.038392636.1	sox_OG9:sox-15	sox-15
Mjav_XP.017527261.1	sox_OG9:sox-15	sox-15
Cdid_XP.037664941.1	sox_OG9:sox-15	sox-15
Pgig_XP.039703166.1	sox_OG9:sox-15	sox-15
Pafr_XP.047613485.1	sox_OG9:sox-15	sox-15
Bmus_XP.036692236.1	sox_OG9:sox-15	sox-15
Ttru_XP.033704061.1	sox_OG9:sox-15	sox-15
Emax_XP.049714749.1	sox_OG9:sox-15	sox-15
Opri_XP.004594843.2	sox_OG9:sox-15	sox-15
Cpor_XP.003466299.1	sox_OG9:sox-15	sox-15
Rfer_XP.032947056.1	sox_OG9:sox-15	sox-15
Cimi_XP.037595583.1	sox_OG9:sox-15	sox-15
Hamp_XP.057571542.1	sox_OG9:sox-15	sox-15
Equa_XP.046531541.1	sox_OG9:sox-15	sox-15
Ptig_XP.042823564.1	sox_OG9:sox-15	sox-15
Lcat_XP.045426075.1	sox_OG9:sox-15	sox-15
Cdro_XP.031323594.1	sox_OG9:sox-15	sox-15
Mang_XP.045746055.1	sox_OG9:sox-15	sox-15
Drot_XP.024420518.1	sox_OG9:sox-15	sox-15
Tman_XP.004376270.1	sox_OG9:sox-15	sox-15
Bbub_XP.006062923.4	sox_OG9:sox-15	sox-15
Hsap_NP.008873.1	sox_OG9:sox-15	sox-15
Oafe_XP.007950453.1	sox_OG9:sox-15	sox-15
Scar_XP.047400352.1	sox_OG9:sox-15	sox-15
Mmus_NP.033261.1	sox_OG9:sox-15	sox-15
Csim_XP.004433180.1	sox_OG9:sox-15	sox-15
Amel_XP.019660673.2	sox_OG9:sox-15	sox-15
Casi_XP.006863559.1	sox_OG9:sox-15	sox-15
Rfer_XP.032974648.1	sox_OG10:NA	NA
Pgig_XP.039738421.1	sox_OG10:NA	NA
Dnov_XP.058138887.1	sox_OG10:NA	NA
Drot_XP.024431130.1	sox_OG10:NA	NA
Ggal_XP.015151955.3	sox_OG11:sox-12	sox-12
Equa_XP.046533915.1	sox_OG11:sox-12	sox-12
Emax_XP.049725681.1	sox_OG11:sox-12	sox-12
Rfer_XP.032951289.1	sox_OG11:sox-12	sox-12
Cpor_XP.005006612.1	sox_OG11:sox-12	sox-12
Bmus_XP.036683115.1	sox_OG11:sox-12	sox-12
Tman_XP.004370660.1	sox_OG11:sox-12	sox-12
Bbub_XP.025119497.1	sox_OG11:sox-12	sox-12
Mang_XP.045741538.1	sox_OG11:sox-12	sox-12
Opri_XP.058535679.1	sox_OG11:sox-12	sox-12
Cdid_XP.037667390.1	sox_OG11:sox-12	sox-12
Pafr_XP.047627358.1	sox_OG11:sox-12	sox-12
Mmus_NP.035568.1	sox_OG11:sox-12	sox-12
Csim_XP.014645525.1	sox_OG11:sox-12	sox-12
Ttru_XP.004331924.3	sox_OG11:sox-12	sox-12
Scar_XP.047398506.1	sox_OG11:sox-12	sox-12
Ptig_XP.042836628.1	sox_OG11:sox-12	sox-12
Shar_XP.031810003.1	sox_OG11:sox-12	sox-12
Pgig_XP.039719928.1	sox_OG11:sox-12	sox-12
Casi_XP.006860781.1	sox_OG11:sox-12	sox-12
Hsap_NP.008874.2	sox_OG11:sox-12	sox-12
Oafe_XP.007932707.1	sox_OG11:sox-12	sox-12
Mjav_XP.017521282.2	sox_OG11:sox-12	sox-12
Clup_XP.038427830.1	sox_OG11:sox-12	sox-12
Dnov_XP.058142829.1	sox_OG11:sox-12	sox-12
Hamp_XP.057559844.1	sox_OG11:sox-12	sox-12
Lcat_XP.045385476.1	sox_OG11:sox-12	sox-12
Drot_XP.024415008.3	sox_OG11:sox-12	sox-12
Cdro_XP.031289888.1	sox_OG11:sox-12	sox-12
Cimi_XP.017370646.1	sox_OG11:sox-12	sox-12
Mdom_XP.007474545.2	sox_OG11:sox-12	sox-12
Oana_XP.028907426.1	sox_OG12:sox-11	sox-11
Cdro_XP.031322369.1	sox_OG12:sox-11	sox-11
Pafr_XP.047635202.1	sox_OG12:sox-11	sox-11
Cdid_XP.037669298.1	sox_OG12:sox-11	sox-11
Mdom_XP.007476236.1	sox_OG12:sox-11	sox-11
Dnov_XP.058143908.1	sox_OG12:sox-11	sox-11
Mang_XP.045739658.1	sox_OG12:sox-11	sox-11
Casi_XP.006864036.1	sox_OG12:sox-11	sox-11
Tman_XP.004373138.1	sox_OG12:sox-11	sox-11
Hamp_XP.057599420.1	sox_OG12:sox-11	sox-11
Pgig_XP.039710941.1	sox_OG12:sox-11	sox-11
Cimi_XP.017397486.1	sox_OG12:sox-11	sox-11
Lcat_XP.045404807.1	sox_OG12:sox-11	sox-11
Emax_XP.049759749.1	sox_OG12:sox-11	sox-11
Ptig_XP.042835747.1	sox_OG12:sox-11	sox-11
Shar_XP.031807046.1	sox_OG12:sox-11	sox-11
Cpor_XP.003464995.1	sox_OG12:sox-11	sox-11
Mjav_XP.017522349.2	sox_OG12:sox-11	sox-11
Scar_XP.047379435.1	sox_OG12:sox-11	sox-11
Opri_XP.004582643.2	sox_OG12:sox-11	sox-11
Clup_XP.038416510.1	sox_OG12:sox-11	sox-11
Drot_XP.024408195.2	sox_OG12:sox-11	sox-11
Ggal_NP.001382976.1	sox_OG12:sox-11	sox-11
Equa_XP.046516078.1	sox_OG12:sox-11	sox-11
Amel_XP.034515849.1	sox_OG12:sox-11	sox-11
Hsap_NP.003099.1	sox_OG12:sox-11	sox-11
Oafe_XP.007933317.1	sox_OG12:sox-11	sox-11
Bmus_XP.036729557.1	sox_OG12:sox-11	sox-11
Bbub_XP.025117398.3	sox_OG12:sox-11	sox-11
Rfer_XP.032980233.1	sox_OG12:sox-11	sox-11
Ttru_XP.019798147.1	sox_OG12:sox-11	sox-11
Csim_XP.014647619.1	sox_OG12:sox-11	sox-11
Mmus_NP.033260.4	sox_OG12:sox-11	sox-11
Ggal_NP.989526.1	sox_OG13:sox-3/sry	sox-3/sry
Shar_XP.023362772.2	sox_OG13:sox-3/sry	sox-3
Ptig_XP.042831086.1	sox_OG13:sox-3/sry	sox-3
Dnov_XP.058147425.1	sox_OG13:sox-3/sry	sox-3
Rfer_XP.032973530.1	sox_OG13:sox-3/sry	sox-3
Oafe_XP.007949915.1	sox_OG13:sox-3/sry	sox-3
Csim_XP.014651689.1	sox_OG13:sox-3/sry	sox-3
Drot_XP.024434131.1	sox_OG13:sox-3/sry	sox-3/sry
Hsap_NP.003131.1	sox_OG13:sox-3/sry	sox-3/sry
Equa_XP.046528503.1	sox_OG13:sox-3/sry	sox-3
Emax_XP.049728984.1	sox_OG13:sox-3/sry	sox-3
Opri_XP.058514980.1	sox_OG13:sox-3/sry	sox-3
Ttru_XP.033705620.1	sox_OG13:sox-3/sry	sox-3
Clup_XP.038442551.1	sox_OG13:sox-3/sry	sox-3
Oana_XP.001520781.2	sox_OG13:sox-3/sry	sox-3/sry
Hsap_NP.005625.2	sox_OG13:sox-3/sry	sox-3
Mjav_XP.036859504.1	sox_OG13:sox-3/sry	sox-3
Mdom_XP.056665898.1	sox_OG13:sox-3/sry	sox-3/sry
Emax_XP.049729443.1	sox_OG13:sox-3/sry	sox-3/sry
Cdro_XP.031300930.1	sox_OG13:sox-3/sry	sox-3
Pgig_XP.039735027.1	sox_OG13:sox-3/sry	sox-3/sry
Shar_XP.031801149.1	sox_OG13:sox-3/sry	sox-3/sry
Lcat_XP.045393696.1	sox_OG13:sox-3/sry	sox-3
Cimi_XP.017374345.1	sox_OG13:sox-3/sry	sox-3/sry
Hamp_XP.057574656.1	sox_OG13:sox-3/sry	sox-3
Mmus_NP.033263.2	sox_OG13:sox-3/sry	sox-3
Amel_XP.034504946.1	sox_OG13:sox-3/sry	sox-3
Cdid_XP.037678811.1	sox_OG13:sox-3/sry	sox-3
Bmus_XP.036696323.1	sox_OG13:sox-3/sry	sox-3
Ttru_XP.033706224.1	sox_OG13:sox-3/sry	sox-3/sry
Bbub_XP.025132502.3	sox_OG13:sox-3/sry	sox-3
Cdid_XP.037680520.1	sox_OG13:sox-3/sry	sox-3/sry
Cpor_XP.003464754.2	sox_OG13:sox-3/sry	sox-3
Scar_XP.047393176.1	sox_OG13:sox-3/sry	sox-3/sry
Opri_XP.058515261.1	sox_OG13:sox-3/sry	sox-3/sry
Pafr_XP.047620863.1	sox_OG13:sox-3/sry	sox-3
Mmus_NP.035694.1	sox_OG13:sox-3/sry	sox-3/sry
Drot_XP.053773489.1	sox_OG13:sox-3/sry	sox-3
Mdom_XP.007507433.1	sox_OG13:sox-3/sry	sox-3
Scar_XP.047392867.1	sox_OG13:sox-3/sry	sox-3
Oafe_XP.007957280.1	sox_OG13:sox-3/sry	sox-3/sry
Cimi_XP.017355427.1	sox_OG13:sox-3/sry	sox-3
Ttru_XP.033706225.1	sox_OG13:sox-3/sry	sox-3/sry
Mang_XP.045726266.1	sox_OG13:sox-3/sry	sox-3
Casi_XP.006875033.1	sox_OG13:sox-3/sry	sox-3
Opri_XP.058515255.1	sox_OG13:sox-3/sry	sox-3/sry
Mjav_XP.036857050.1	sox_OG13:sox-3/sry	sox-3/sry
Dnov_XP.058142693.1	sox_OG14:sox-8	sox-8
Casi_XP.006873911.1	sox_OG14:sox-8	sox-8
Cdid_XP.037670405.1	sox_OG14:sox-8	sox-8
Emax_XP.049759218.1	sox_OG14:sox-8	sox-8
Tman_XP.023584110.1	sox_OG14:sox-8	sox-8
Oafe_XP.007955685.1	sox_OG14:sox-8	sox-8
Mjav_XP.017510601.1	sox_OG15:NA	NA
Clup_XP.038432983.1	sox_OG16:NA	NA
Ptig_XP.042847878.1	sox_OG16:NA	NA
Mang_XP.054363126.1	sox_OG16:NA	NA
Amel_XP.019650885.1	sox_OG16:NA	NA
Ggal_NP.989664.1	sox_OG17:sox-1	sox-1
Mjav_XP.036880873.1	sox_OG17:sox-1	sox-1
Amel_XP.034519706.1	sox_OG17:sox-1	sox-1
Lcat_XP.045422689.1	sox_OG17:sox-1	sox-1
Oana_XP.028904097.1	sox_OG17:sox-1	sox-1
Opri_XP.058526612.1	sox_OG17:sox-1	sox-1
Cdid_XP.037656244.1	sox_OG17:sox-1	sox-1
Scar_XP.047410448.1	sox_OG17:sox-1	sox-1
Mdom_XP.007501341.1	sox_OG17:sox-1	sox-1
Equa_XP.046519750.1	sox_OG17:sox-1	sox-1
Ttru_XP.019776483.2	sox_OG17:sox-1	sox-1
Clup_XP.038425993.1	sox_OG17:sox-1	sox-1
Cdro_XP.031322193.1	sox_OG17:sox-1	sox-1
Shar_XP.031814590.1	sox_OG17:sox-1	sox-1
Oafe_XP.007940578.1	sox_OG17:sox-1	sox-1
Rfer_XP.032959657.1	sox_OG17:sox-1	sox-1
Mmus_NP.033259.2	sox_OG17:sox-1	sox-1
Dnov_XP.058132394.1	sox_OG17:sox-1	sox-1
Bmus_XP.036687021.1	sox_OG17:sox-1	sox-1
Pafr_XP.047612043.1	sox_OG17:sox-1	sox-1
Drot_XP.045042640.2	sox_OG17:sox-1	sox-1
Ptig_XP.042814197.1	sox_OG17:sox-1	sox-1
Cimi_XP.017357713.1	sox_OG17:sox-1	sox-1
Mang_XP.045723818.1	sox_OG17:sox-1	sox-1
Casi_XP.006851579.1	sox_OG17:sox-1	sox-1
Cpor_XP.005007254.3	sox_OG17:sox-1	sox-1
Hsap_NP.005977.2	sox_OG17:sox-1	sox-1
Hamp_XP.057563730.1	sox_OG17:sox-1	sox-1
Pgig_XP.039721974.1	sox_OG17:sox-1	sox-1
Bbub_XP.025118363.1	sox_OG17:sox-1	sox-1
Emax_XP.049723386.1	sox_OG17:sox-1	sox-1
Mdom_XP.001373727.1	sox_OG18:NA	NA
Shar_XP.003762017.1	sox_OG19:NA	NA
Hamp_XP.057557078.1	sox_OG20:sox-5	sox-5
Equa_XP.046497249.1	sox_OG20:sox-5	sox-5
Bbub_XP.045021534.1	sox_OG20:sox-5	sox-5
Csim_XP.014646859.1	sox_OG20:sox-5	sox-5
Cdro_XP.031299822.1	sox_OG20:sox-5	sox-5
Tman_XP.023593782.1	sox_OG20:sox-5	sox-5
Emax_XP.049741103.1	sox_OG20:sox-5	sox-5
Oafe_XP.007944956.1	sox_OG20:sox-5	sox-5
Pafr_XP.047643337.1	sox_OG20:sox-5	sox-5
Casi_XP.006867010.1	sox_OG20:sox-5	sox-5
Mdom_XP.001368820.2	sox_OG21:sox-2	sox-2
Csim_XP.004424739.1	sox_OG21:sox-2	sox-2
Emax_XP.049730807.1	sox_OG21:sox-2	sox-2
Casi_XP.006869879.1	sox_OG21:sox-2	sox-2
Ptig_XP.042855191.1	sox_OG21:sox-2	sox-2
Ggal_NP.990519.3	sox_OG21:sox-2	sox-2
Clup_XP.038439395.1	sox_OG21:sox-2	sox-2
Equa_XP.046515240.1	sox_OG21:sox-2	sox-2
Hamp_XP.057595873.1	sox_OG21:sox-2	sox-2
Hsap_NP.003097.1	sox_OG21:sox-2	sox-2
Shar_XP.031813587.1	sox_OG21:sox-2	sox-2
Mang_XP.045719633.1	sox_OG21:sox-2	sox-2
Scar_XP.047420710.1	sox_OG21:sox-2	sox-2
Tman_XP.023592536.1	sox_OG21:sox-2	sox-2
Bbub_XP.006056297.2	sox_OG21:sox-2	sox-2
Rfer_XP.032989610.1	sox_OG21:sox-2	sox-2
Lcat_XP.045395708.1	sox_OG21:sox-2	sox-2
Opri_XP.058518203.1	sox_OG21:sox-2	sox-2
Oana_XP.028928807.1	sox_OG21:sox-2	sox-2
Bmus_XP.036705414.1	sox_OG21:sox-2	sox-2
Mmus_NP.035573.3	sox_OG21:sox-2	sox-2
Cdid_XP.037695755.1	sox_OG21:sox-2	sox-2
Pgig_XP.039706608.1	sox_OG21:sox-2	sox-2
Oafe_XP.007934094.1	sox_OG21:sox-2	sox-2
Pafr_XP.047643165.1	sox_OG21:sox-2	sox-2
Dnov_XP.004477690.1	sox_OG21:sox-2	sox-2
Cimi_XP.017393930.1	sox_OG21:sox-2	sox-2
Drot_XP.053774095.1	sox_OG21:sox-2	sox-2
Amel_XP.034518206.1	sox_OG21:sox-2	sox-2
Cdro_XP.010974669.2	sox_OG21:sox-2	sox-2
Mjav_XP.017496634.2	sox_OG21:sox-2	sox-2
Ttru_XP.004311832.3	sox_OG21:sox-2	sox-2
Oana_XP.028931165.1	sox_OG22:sox-14	sox-14
Mdom_XP.007493983.1	sox_OG22:sox-14	sox-14
Scar_XP.047419052.1	sox_OG22:sox-14	sox-14
Cdid_XP.037683894.1	sox_OG22:sox-14	sox-14
Bmus_XP.036707689.1	sox_OG22:sox-14	sox-14
Mjav_XP.017531607.1	sox_OG22:sox-14	sox-14
Casi_XP.006846671.1	sox_OG22:sox-14	sox-14
Pafr_XP.047610665.1	sox_OG22:sox-14	sox-14
Hamp_XP.057595112.1	sox_OG22:sox-14	sox-14
Amel_XP.002923375.1	sox_OG22:sox-14	sox-14
Csim_XP.004419391.1	sox_OG22:sox-14	sox-14
Cpor_XP.003476788.1	sox_OG22:sox-14	sox-14
Hsap_NP.004180.1	sox_OG22:sox-14	sox-14
Clup_XP.038426113.1	sox_OG22:sox-14	sox-14
Bbub_XP.025147052.1	sox_OG22:sox-14	sox-14
Rfer_XP.032988974.1	sox_OG22:sox-14	sox-14
Equa_XP.046511648.1	sox_OG22:sox-14	sox-14
Drot_XP.024422013.1	sox_OG22:sox-14	sox-14
Lcat_XP.045395088.1	sox_OG22:sox-14	sox-14
Opri_XP.004588396.1	sox_OG22:sox-14	sox-14
Pgig_XP.039692761.1	sox_OG22:sox-14	sox-14
Ptig_XP.042813213.1	sox_OG22:sox-14	sox-14
Ttru_XP.019789673.1	sox_OG22:sox-14	sox-14
Cimi_XP.017383705.1	sox_OG22:sox-14	sox-14
Emax_XP.049726472.1	sox_OG22:sox-14	sox-14
Mang_XP.045719678.1	sox_OG22:sox-14	sox-14
Oafe_XP.007935393.1	sox_OG22:sox-14	sox-14
Ggal_NP.990092.1	sox_OG22:sox-14	sox-14
Tman_XP.004381489.1	sox_OG22:sox-14	sox-14
Dnov_XP.004453833.1	sox_OG22:sox-14	sox-14
Shar_XP.012400053.1	sox_OG22:sox-14	sox-14
Mmus_NP.035570.1	sox_OG22:sox-14	sox-14
Cdro_XP.010975059.1	sox_OG22:sox-14	sox-14
Ggal_NP.001383603.1	sox_OG23:sox-21	sox-21
Mang_XP.045726097.1	sox_OG23:sox-21	sox-21
Rfer_XP.032959615.1	sox_OG23:sox-21	sox-21
Bmus_XP.036687740.1	sox_OG23:sox-21	sox-21
Dnov_XP.058132486.1	sox_OG23:sox-21	sox-21
Equa_XP.046520974.1	sox_OG23:sox-21	sox-21
Drot_XP.053772754.1	sox_OG23:sox-21	sox-21
Opri_XP.058526666.1	sox_OG23:sox-21	sox-21
Cdid_XP.037656473.1	sox_OG23:sox-21	sox-21
Csim_XP.014637259.1	sox_OG23:sox-21	sox-21
Shar_XP.031814415.1	sox_OG23:sox-21	sox-21
Ttru_XP.033699347.1	sox_OG23:sox-21	sox-21
Tman_XP.004371490.1	sox_OG23:sox-21	sox-21
Mmus_NP.808421.1	sox_OG23:sox-21	sox-21
Oana_XP.001512271.3	sox_OG23:sox-21	sox-21
Clup_XP.038425312.1	sox_OG23:sox-21	sox-21
Ptig_XP.042813926.1	sox_OG23:sox-21	sox-21
Amel_XP.034519700.1	sox_OG23:sox-21	sox-21
Casi_XP.006832065.1	sox_OG23:sox-21	sox-21
Hamp_XP.057563720.1	sox_OG23:sox-21	sox-21
Cdro_XP.031322066.1	sox_OG23:sox-21	sox-21
Mang_XP.045726110.1	sox_OG23:sox-21	sox-21
Pgig_XP.039693387.1	sox_OG23:sox-21	sox-21
Mjav_XP.036880860.1	sox_OG23:sox-21	sox-21
Scar_XP.047410577.1	sox_OG23:sox-21	sox-21
Pafr_XP.047612344.1	sox_OG23:sox-21	sox-21
Oafe_XP.007942198.1	sox_OG23:sox-21	sox-21
Cimi_XP.017399045.1	sox_OG23:sox-21	sox-21
Mdom_XP.007501455.1	sox_OG23:sox-21	sox-21
Bbub_XP.025118466.2	sox_OG23:sox-21	sox-21
Lcat_XP.045423694.1	sox_OG23:sox-21	sox-21
Hsap_NP.009015.1	sox_OG23:sox-21	sox-21
Emax_XP.049709053.1	sox_OG23:sox-21	sox-21
Scar_XP.047405480.1	sox_OG24:NA	sox-5
Opri_XP.058511892.1	sox_OG24:NA	sox-5
Scar_XP.047405480.1	sox_OG25:sox-5	sox-5
Mmus_XP.006506994.1	sox_OG25:sox-5	sox-5
Bmus_XP.036693736.1	sox_OG26:sox-9	sox-9
Hamp_XP.057573119.1	sox_OG26:sox-9	sox-9
Ggal_NP.989612.1	sox_OG26:sox-9	sox-9
Drot_XP.024429046.1	sox_OG26:sox-9	sox-9
Tman_XP.004374235.1	sox_OG26:sox-9	sox-9
Cimi_XP.017391090.1	sox_OG26:sox-9	sox-9
Clup_NP.001002978.1	sox_OG26:sox-9	sox-9
Dnov_XP.058140625.1	sox_OG26:sox-9	sox-9
Opri_XP.004593006.1	sox_OG26:sox-9	sox-9
Casi_XP.006872359.1	sox_OG26:sox-9	sox-9
Cdro_XP.031304465.1	sox_OG26:sox-9	sox-9
Mjav_XP.017519930.2	sox_OG26:sox-9	sox-9
Csim_XP.004432762.1	sox_OG26:sox-9	sox-9
Ptig_XP.042822833.1	sox_OG26:sox-9	sox-9
Equa_XP.046530969.1	sox_OG26:sox-9	sox-9
Emax_XP.049717106.1	sox_OG26:sox-9	sox-9
Oana_XP.001506094.2	sox_OG26:sox-9	sox-9
Rfer_XP.032945891.1	sox_OG26:sox-9	sox-9
Ttru_XP.033703168.1	sox_OG26:sox-9	sox-9
Amel_XP.019660087.2	sox_OG26:sox-9	sox-9
Mang_XP.045743969.1	sox_OG26:sox-9	sox-9
Pafr_XP.047614296.1	sox_OG26:sox-9	sox-9
Scar_XP.047398689.1	sox_OG26:sox-9	sox-9
Bbub_XP.025135172.2	sox_OG26:sox-9	sox-9
Shar_XP.003768593.1	sox_OG26:sox-9	sox-9
Hsap_NP.000337.1	sox_OG26:sox-9	sox-9
Mmus_NP.035578.3	sox_OG26:sox-9	sox-9
Oafe_XP.007957879.1	sox_OG26:sox-9	sox-9
Cdid_XP.037664998.1	sox_OG26:sox-9	sox-9
Lcat_XP.045425568.1	sox_OG26:sox-9	sox-9
Pgig_XP.039715158.1	sox_OG26:sox-9	sox-9
Ggal_XP.015139949.1	sox_OG27:sox-10	sox-10
Mmus_NP.035567.1	sox_OG27:sox-10	sox-10
Csim_XP.004437902.1	sox_OG27:sox-10	sox-10
Hsap_NP.008872.1	sox_OG27:sox-10	sox-10
Mjav_XP.036862891.1	sox_OG27:sox-10	sox-10
Oafe_XP.007939944.1	sox_OG27:sox-10	sox-10
Opri_XP.004589571.1	sox_OG27:sox-10	sox-10
Scar_XP.047407584.1	sox_OG27:sox-10	sox-10
Mang_XP.045728505.1	sox_OG27:sox-10	sox-10
Cdro_XP.031319106.1	sox_OG27:sox-10	sox-10
Shar_XP.031797111.1	sox_OG27:sox-10	sox-10
Cimi_XP.017364446.1	sox_OG27:sox-10	sox-10
Ttru_XP.033721970.1	sox_OG27:sox-10	sox-10
Dnov_XP.004466267.1	sox_OG27:sox-10	sox-10
Ptig_XP.042849176.1	sox_OG27:sox-10	sox-10
Tman_XP.004373905.1	sox_OG27:sox-10	sox-10
Cpor_XP.003470533.2	sox_OG27:sox-10	sox-10
Hamp_XP.057599512.1	sox_OG27:sox-10	sox-10
Oana_XP.028934366.1	sox_OG27:sox-10	sox-10
Amel_XP.034500270.1	sox_OG27:sox-10	sox-10
Casi_XP.006865257.1	sox_OG27:sox-10	sox-10
Bbub_XP.006071428.1	sox_OG27:sox-10	sox-10
Cdid_XP.037702433.1	sox_OG27:sox-10	sox-10
Lcat_XP.045408856.1	sox_OG27:sox-10	sox-10
Equa_XP.046502255.1	sox_OG27:sox-10	sox-10
Pgig_XP.039733644.1	sox_OG27:sox-10	sox-10
Clup_XP.038406550.1	sox_OG27:sox-10	sox-10
Rfer_XP.032973012.1	sox_OG27:sox-10	sox-10
Emax_XP.049740365.1	sox_OG27:sox-10	sox-10
Drot_XP.024434928.2	sox_OG27:sox-10	sox-10
Pafr_XP.047642247.1	sox_OG27:sox-10	sox-10
Mdom_XP.001381534.3	sox_OG27:sox-10	sox-10
Bmus_XP.036720803.1	sox_OG27:sox-10	sox-10
Hsap_XP.011519134.2	sox_OG28:sox-5	sox-5
Lcat_XP.045410158.1	sox_OG29:NA	sox-5
Oana_XP.028925314.1	sox_OG30:sox-13	sox-13
Pafr_XP.047607942.1	sox_OG30:sox-13	sox-13
Shar_XP.003767655.1	sox_OG30:sox-13	sox-13
Ggal_XP.015154614.2	sox_OG30:sox-13	sox-13
Mdom_XP.056671743.1	sox_OG30:sox-13	sox-13
Ttru_XP.033708141.1	sox_OG30:sox-13	sox-13
Cpor_XP.013013443.1	sox_OG30:sox-13	sox-13
Bmus_XP.036684089.1	sox_OG30:sox-13	sox-13
Mang_XP.054363913.1	sox_OG30:sox-13	sox-13
Tman_XP.023586088.1	sox_OG30:sox-13	sox-13
Hamp_XP.057585117.1	sox_OG30:sox-13	sox-13
Cdro_XP.031294667.1	sox_OG30:sox-13	sox-13
Drot_XP.024430737.2	sox_OG30:sox-13	sox-13
Dnov_XP.058130986.1	sox_OG30:sox-13	sox-13
Mjav_XP.017506787.2	sox_OG30:sox-13	sox-13
Amel_XP.034522993.1	sox_OG30:sox-13	sox-13
Mmus_XP.011246247.1	sox_OG30:sox-13	sox-13
Scar_XP.047376454.1	sox_OG30:sox-13	sox-13
Ptig_XP.007086583.2	sox_OG30:sox-13	sox-13
Clup_XP.038441905.1	sox_OG30:sox-13	sox-13
Oafe_XP.007954219.1	sox_OG30:sox-13	sox-13
Opri_XP.058525035.1	sox_OG30:sox-13	sox-13
Emax_XP.049714298.1	sox_OG30:sox-13	sox-13
Equa_XP.046537707.1	sox_OG30:sox-13	sox-13
Casi_XP.006834281.1	sox_OG30:sox-13	sox-13
Hsap_NP.005677.2	sox_OG30:sox-13	sox-13
Cimi_XP.037593260.1	sox_OG30:sox-13	sox-13
Bbub_XP.025133526.2	sox_OG30:sox-13	sox-13
Cdid_XP.037680910.1	sox_OG30:sox-13	sox-13
Lcat_XP.045391966.1	sox_OG30:sox-13	sox-13
Csim_XP.004425199.1	sox_OG30:sox-13	sox-13
Rfer_XP.032948937.1	sox_OG30:sox-13	sox-13
Pgig_XP.039737775.1	sox_OG30:sox-13	sox-13
Ggal_XP.025006442.1	sox_OG31:sox-6	sox-6
Emax_XP.049746477.1	sox_OG31:sox-6	sox-6
Ttru_XP.019804010.1	sox_OG31:sox-6	sox-6
Hamp_XP.057604501.1	sox_OG31:sox-6	sox-6
Opri_XP.058519285.1	sox_OG31:sox-6	sox-6
Rfer_XP.032975662.1	sox_OG31:sox-6	sox-6
Shar_XP.031797909.1	sox_OG31:sox-6	sox-6
Bbub_XP.045018884.1	sox_OG31:sox-6	sox-6
Dnov_XP.058161675.1	sox_OG31:sox-6	sox-6
Oana_XP.039767308.1	sox_OG31:sox-6	sox-6
Hsap_NP.001139291.2	sox_OG31:sox-6	sox-6
Bmus_XP.036717651.1	sox_OG31:sox-6	sox-6
Mjav_XP.036882886.1	sox_OG31:sox-6	sox-6
Amel_XP.034501998.1	sox_OG31:sox-6	sox-6
Equa_XP.046493708.1	sox_OG31:sox-6	sox-6
Mdom_XP.007497087.2	sox_OG31:sox-6	sox-6
Cpor_XP.023419042.1	sox_OG31:sox-6	sox-6
Pgig_XP.039707456.1	sox_OG31:sox-6	sox-6
Oafe_XP.007955001.1	sox_OG31:sox-6	sox-6
Cdid_XP.037695265.1	sox_OG31:sox-6	sox-6
Casi_XP.006865846.1	sox_OG31:sox-6	sox-6
Cimi_XP.017381104.1	sox_OG31:sox-6	sox-6
Mmus_XP.036008726.1	sox_OG31:sox-6	sox-6
Ptig_XP.042815591.1	sox_OG31:sox-6	sox-6
Pafr_XP.047632165.1	sox_OG31:sox-6	sox-6
Tman_XP.023593283.1	sox_OG31:sox-6	sox-6
Drot_XP.053780580.1	sox_OG31:sox-6	sox-6
Mang_XP.054368007.1	sox_OG31:sox-6	sox-6
Csim_XP.014642191.1	sox_OG31:sox-6	sox-6
Scar_XP.047372506.1	sox_OG31:sox-6	sox-6
Lcat_XP.045413549.1	sox_OG31:sox-6	sox-6
Cdro_XP.010975526.2	sox_OG31:sox-6	sox-6
Clup_XP.038425054.1	sox_OG31:sox-6	sox-6
Emax_XP.049725376.1	sox_OG32:sox-18	sox-18
Casi_XP.006873390.1	sox_OG33:NA	NA
Oafe_XP.007952883.1	sox_OG34:NA	NA
Mmus_NP.035577.1	sox_OG35:sox-8	sox-8
Opri_XP.004596857.2	sox_OG36:NA	NA
Cpor_XP.003478479.1	sox_OG37:NA	NA
Oana_XP.028913325.1	sox_OG38:sox-8	sox-8
Ggal_NP.990062.2	sox_OG39:NA	NA
Cpor_XP.023421073.1	sox_OG40:NA	NA
Cimi_XP.017378281.2	sox_OG41:NA	NA
Cdid_XP.037702077.1	sox_OG42:NA	NA
Shar_XP.031794321.1	sox_OG43:NA	NA
Mdom_XP.016280870.1	sox_OG44:NA	NA
Ggal_XP.040553151.1	sox_OG45:NA	NA
Oana_XP.028913966.1	sox_OG46:sox-5	sox-5
Lcat_XP.045422920.1	sox_OG47:NA	NA
