Agam	dmrt_OG0:dsx	dsx
Dere	dmrt_OG0:dsx	dsx
Dkik	dmrt_OG0:dsx	dsx
Dmir	dmrt_OG0:dsx	dsx
Dgri	dmrt_OG0:dsx	dsx
Dsec	dmrt_OG0:dsx	dsx
Dser	dmrt_OG0:dsx	dsx
Dele	dmrt_OG0:dsx	dsx
Dalb	dmrt_OG0:dsx	dsx
Dwil	dmrt_OG0:dsx	dsx
Dhyd	dmrt_OG0:dsx	dsx
Dmel	dmrt_OG0:dsx	dsx
Dpse	dmrt_OG0:dsx	dsx
Dari	dmrt_OG0:dsx	dsx
Dbus	dmrt_OG0:dsx	dsx
Dbip	dmrt_OG0:dsx	dsx
Dsuz	dmrt_OG0:dsx	dsx
Dsuz	dmrt_OG0:dsx	dsx
Dana	dmrt_OG0:dsx	dsx
Dbus	dmrt_OG1:dmrt-99B/dmrt-A2	dmrt-99B/dmrt-A2/dmrt-A2-like
Dmel	dmrt_OG1:dmrt-99B/dmrt-A2	dmrt-99B/dmrt-A2/dmrt-A2-like
Dere	dmrt_OG1:dmrt-99B/dmrt-A2	dmrt-99B/dmrt-A2/dmrt-A2-like
Dwil	dmrt_OG1:dmrt-99B/dmrt-A2	dmrt-99B/dmrt-A2/dmrt-A2-like
Dkik	dmrt_OG1:dmrt-99B/dmrt-A2	dmrt-99B/dmrt-A2/dmrt-A2-like
Dser	dmrt_OG1:dmrt-99B/dmrt-A2	dmrt-99B/dmrt-A2/dmrt-A2-like
Dalb	dmrt_OG1:dmrt-99B/dmrt-A2	dmrt-99B/dmrt-A2/dmrt-A2-like
Dsuz	dmrt_OG1:dmrt-99B/dmrt-A2	dmrt-99B/dmrt-A2/dmrt-A2-like
Dsec	dmrt_OG1:dmrt-99B/dmrt-A2	dmrt-99B/dmrt-A2/dmrt-A2-like
Dele	dmrt_OG1:dmrt-99B/dmrt-A2	dmrt-99B/dmrt-A2/dmrt-A2-like
Dbip	dmrt_OG2:NA	dmrt-99B/dmrt-A2/dmrt-A2-like
Dmir	dmrt_OG3:NA	dmrt-99B/dmrt-A2/dmrt-A2-like
Dpse	dmrt_OG4:dmrt-A2	dmrt-99B/dmrt-A2/dmrt-A2-like
Dhyd	dmrt_OG5:dmrt-A	dmrt-99B/dmrt-A2/dmrt-A2-like
Dari	dmrt_OG6:NA	dmrt-99B/dmrt-A2
Dgri	dmrt_OG7:NA	dmrt-99B/dmrt-A2/dmrt-A2-like
Dhyd	dmrt_OG8:dmrt-A2	dmrt-99B/dmrt-A2
Dana	dmrt_OG9:NA	dmrt-99B/dmrt-A2/dmrt-A2-like
Agam	dmrt_OG10:dmrt-93B/dmrt-A2	dmrt-93B/dmrt-A2
Dalb	dmrt_OG10:dmrt-93B/dmrt-A2	dmrt-93B/dmrt-A2
Dpse	dmrt_OG10:dmrt-93B/dmrt-A2	dmrt-93B/dmrt-A2
Dkik	dmrt_OG10:dmrt-93B/dmrt-A2	dmrt-93B/dmrt-A2
Dbip	dmrt_OG10:dmrt-93B/dmrt-A2	dmrt-93B/dmrt-A2
Dbus	dmrt_OG10:dmrt-93B/dmrt-A2	dmrt-93B/dmrt-A2
Dsuz	dmrt_OG10:dmrt-93B/dmrt-A2	dmrt-93B/dmrt-A2
Dser	dmrt_OG10:dmrt-93B/dmrt-A2	dmrt-93B/dmrt-A2
Dari	dmrt_OG10:dmrt-93B/dmrt-A2	dmrt-93B/dmrt-A2
Dgri	dmrt_OG10:dmrt-93B/dmrt-A2	dmrt-93B/dmrt-A2
Dwil	dmrt_OG10:dmrt-93B/dmrt-A2	dmrt-93B/dmrt-A2
Dmel	dmrt_OG10:dmrt-93B/dmrt-A2	dmrt-93B/dmrt-A2
Dmir	dmrt_OG10:dmrt-93B/dmrt-A2	dmrt-93B/dmrt-A2
Dsec	dmrt_OG10:dmrt-93B/dmrt-A2	dmrt-93B/dmrt-A2
Dele	dmrt_OG10:dmrt-93B/dmrt-A2	dmrt-93B/dmrt-A2
Dana	dmrt_OG10:dmrt-93B/dmrt-A2	dmrt-93B/dmrt-A2
Dere	dmrt_OG10:dmrt-93B/dmrt-A2	dmrt-93B/dmrt-A2
Dmel	dmrt_OG11:dmrt-2-11E	dmrt-11E/dmrt-2
Dsec	dmrt_OG11:dmrt-2-11E	dmrt-11E/dmrt-2
Dwil	dmrt_OG11:dmrt-2-11E	dmrt-11E/dmrt-2
Dpse	dmrt_OG11:dmrt-2-11E	dmrt-11E/dmrt-2
Dbip	dmrt_OG11:dmrt-2-11E	dmrt-11E/dmrt-2
Dser	dmrt_OG11:dmrt-2-11E	dmrt-11E/dmrt-2
Dmir	dmrt_OG11:dmrt-2-11E	dmrt-11E/dmrt-2
Dana	dmrt_OG11:dmrt-2-11E	dmrt-11E/dmrt-2
Dere	dmrt_OG11:dmrt-2-11E	dmrt-11E/dmrt-2
Dbus	dmrt_OG11:dmrt-2-11E	dmrt-11E/dmrt-2
Dsuz	dmrt_OG11:dmrt-2-11E	dmrt-11E/dmrt-2
Dalb	dmrt_OG11:dmrt-2-11E	dmrt-11E/dmrt-2
Dgri	dmrt_OG11:dmrt-2-11E	dmrt-11E/dmrt-2
Dele	dmrt_OG11:dmrt-2-11E	dmrt-11E/dmrt-2
Dhyd	dmrt_OG11:dmrt-2-11E	dmrt-11E/dmrt-2
Dkik	dmrt_OG11:dmrt-2-11E	dmrt-11E/dmrt-2
Dari	dmrt_OG11:dmrt-2-11E	dmrt-11E/dmrt-2
Agam	dmrt_OG12:NA	NA
Dkik	fox_OG0:fox-3F/homeobox-5/hormone-receptor-4	fox-3F/homeobox-5/hormone-receptor-4
Dsec	fox_OG0:fox-3F/homeobox-5/hormone-receptor-4	fox-3F/homeobox-5/hormone-receptor-4
Dser	fox_OG0:fox-3F/homeobox-5/hormone-receptor-4	fox-3F/homeobox-5/hormone-receptor-4
Dbip	fox_OG0:fox-3F/homeobox-5/hormone-receptor-4	fox-3F/homeobox-5/hormone-receptor-4
Dere	fox_OG0:fox-3F/homeobox-5/hormone-receptor-4	fox-3F/homeobox-5/hormone-receptor-4
Dana	fox_OG0:fox-3F/homeobox-5/hormone-receptor-4	fox-3F/homeobox-5/hormone-receptor-4
Dpse	fox_OG0:fox-3F/homeobox-5/hormone-receptor-4	fox-3F/homeobox-5/hormone-receptor-4
Dmir	fox_OG0:fox-3F/homeobox-5/hormone-receptor-4	fox-3F/homeobox-5/hormone-receptor-4
Dmel	fox_OG0:fox-3F/homeobox-5/hormone-receptor-4	fox-3F/homeobox-5/hormone-receptor-4
Dele	fox_OG0:fox-3F/homeobox-5/hormone-receptor-4	fox-3F/homeobox-5/hormone-receptor-4
Dsuz	fox_OG0:fox-3F/homeobox-5/hormone-receptor-4	fox-3F/homeobox-5/hormone-receptor-4
Dwil	fox_OG1:myb-P	myb-P
Dbus	fox_OG1:myb-P	myb-P
Dhyd	fox_OG1:myb-P	myb-P
Dari	fox_OG1:myb-P	myb-P
Dgri	fox_OG1:myb-P	myb-P
Dalb	fox_OG1:myb-P	myb-P
Agam	fox_OG2:hyphally-cell-wall-protein-3/serine-rich-repeat-protein	hyphally-cell-wall-protein-3/serine-rich-repeat-protein
Dbip	fox_OG2:hyphally-cell-wall-protein-3/serine-rich-repeat-protein	hyphally-cell-wall-protein-3/serine-rich-repeat-protein
Dkik	fox_OG2:hyphally-cell-wall-protein-3/serine-rich-repeat-protein	hyphally-cell-wall-protein-3/serine-rich-repeat-protein
Dalb	fox_OG2:hyphally-cell-wall-protein-3/serine-rich-repeat-protein	hyphally-cell-wall-protein-3/serine-rich-repeat-protein
Dhyd	fox_OG2:hyphally-cell-wall-protein-3/serine-rich-repeat-protein	hyphally-cell-wall-protein-3/serine-rich-repeat-protein
Dana	fox_OG2:hyphally-cell-wall-protein-3/serine-rich-repeat-protein	hyphally-cell-wall-protein-3/serine-rich-repeat-protein
Dwil	fox_OG2:hyphally-cell-wall-protein-3/serine-rich-repeat-protein	hyphally-cell-wall-protein-3/serine-rich-repeat-protein
Dser	fox_OG2:hyphally-cell-wall-protein-3/serine-rich-repeat-protein	hyphally-cell-wall-protein-3/serine-rich-repeat-protein
Dgri	fox_OG2:hyphally-cell-wall-protein-3/serine-rich-repeat-protein	hyphally-cell-wall-protein-3/serine-rich-repeat-protein
Dbus	fox_OG2:hyphally-cell-wall-protein-3/serine-rich-repeat-protein	hyphally-cell-wall-protein-3/serine-rich-repeat-protein
Dari	fox_OG2:hyphally-cell-wall-protein-3/serine-rich-repeat-protein	hyphally-cell-wall-protein-3/serine-rich-repeat-protein
Dpse	fox_OG2:hyphally-cell-wall-protein-3/serine-rich-repeat-protein	hyphally-cell-wall-protein-3/serine-rich-repeat-protein
Dmir	fox_OG2:hyphally-cell-wall-protein-3/serine-rich-repeat-protein	hyphally-cell-wall-protein-3/serine-rich-repeat-protein
Agam	fox_OG3:fox-N2/jumeau/nan	fox-N2/jumeau/nan
Dalb	fox_OG3:fox-N2/jumeau/nan	fox-N2/jumeau/nan
Dgri	fox_OG3:fox-N2/jumeau/nan	fox-N2/jumeau/nan
Dmir	fox_OG3:fox-N2/jumeau/nan	fox-N2/jumeau/nan
Dsec	fox_OG3:fox-N2/jumeau/nan	fox-N2/jumeau/nan
Dser	fox_OG3:fox-N2/jumeau/nan	fox-N2/jumeau/nan
Dari	fox_OG3:fox-N2/jumeau/nan	fox-N2/jumeau/nan
Dkik	fox_OG3:fox-N2/jumeau/nan	fox-N2/jumeau/nan
Dana	fox_OG3:fox-N2/jumeau/nan	fox-N2/jumeau/nan
Dmir	fox_OG3:fox-N2/jumeau/nan	jumeau/nan
Dere	fox_OG3:fox-N2/jumeau/nan	fox-N2/jumeau/nan
Dele	fox_OG3:fox-N2/jumeau/nan	fox-N2/jumeau/nan
Dsuz	fox_OG3:fox-N2/jumeau/nan	fox-N2/jumeau/nan
Dhyd	fox_OG3:fox-N2/jumeau/nan	fox-N2/jumeau/nan
Dwil	fox_OG3:fox-N2/jumeau/nan	fox-N2/jumeau/nan
Dpse	fox_OG3:fox-N2/jumeau/nan	fox-N2/jumeau/nan
Dpse	fox_OG3:fox-N2/jumeau/nan	jumeau/nan
Dmir	fox_OG3:fox-N2/jumeau/nan	fox-N2/jumeau/nan
Dmel	fox_OG3:fox-N2/jumeau/nan	fox-N2/jumeau/nan
Dbip	fox_OG3:fox-N2/jumeau/nan	fox-N2/jumeau/nan
Dbus	fox_OG3:fox-N2/jumeau/nan	fox-N2/jumeau/nan
Dbip	fox_OG4:fox-I1c/hcm-1/hnf-3b/nan	fox-I1c/hcm-1/hnf-3b/nan
Dsec	fox_OG4:fox-I1c/hcm-1/hnf-3b/nan	fox-I1c/hcm-1/hnf-3b/nan
Dere	fox_OG4:fox-I1c/hcm-1/hnf-3b/nan	fox-I1c/hcm-1/hnf-3b/nan
Dhyd	fox_OG4:fox-I1c/hcm-1/hnf-3b/nan	fox-I1c/hcm-1/hnf-3b/nan
Dele	fox_OG4:fox-I1c/hcm-1/hnf-3b/nan	fox-I1c/hcm-1/hnf-3b/nan
Dsuz	fox_OG4:fox-I1c/hcm-1/hnf-3b/nan	fox-I1c/hcm-1/hnf-3b/nan
Dalb	fox_OG4:fox-I1c/hcm-1/hnf-3b/nan	fox-I1c/hcm-1/hnf-3b/nan
Dana	fox_OG4:fox-I1c/hcm-1/hnf-3b/nan	fox-I1c/hcm-1/hnf-3b/nan
Dpse	fox_OG4:fox-I1c/hcm-1/hnf-3b/nan	fox-I1c/hcm-1/hnf-3b/nan
Dmel	fox_OG4:fox-I1c/hcm-1/hnf-3b/nan	fox-I1c/hcm-1/hnf-3b/nan
Dmir	fox_OG4:fox-I1c/hcm-1/hnf-3b/nan	fox-I1c/hcm-1/hnf-3b/nan
Dser	fox_OG4:fox-I1c/hcm-1/hnf-3b/nan	fox-I1c/hcm-1/hnf-3b/nan
Dbus	fox_OG4:fox-I1c/hcm-1/hnf-3b/nan	fox-I1c/hcm-1/hnf-3b/nan
Dwil	fox_OG4:fox-I1c/hcm-1/hnf-3b/nan	fox-I1c/hcm-1/hnf-3b/nan
Dkik	fox_OG4:fox-I1c/hcm-1/hnf-3b/nan	fox-I1c/hcm-1/hnf-3b/nan
Dwil	fox_OG5:fd-102C/fox-C/nan	fd-102C/fox-C1-A/nan
Dhyd	fox_OG5:fd-102C/fox-C/nan	fd-102C/fox-C1-A/nan
Dbip	fox_OG5:fd-102C/fox-C/nan	fd-102C/fox-C1-A/nan
Dmel	fox_OG5:fd-102C/fox-C/nan	fd-102C/fox-C1-A/nan
Dsuz	fox_OG5:fd-102C/fox-C/nan	fd-102C/fox-C1-A/nan
Dele	fox_OG5:fd-102C/fox-C/nan	fd-102C/fox-C1-A/nan
Dbus	fox_OG5:fd-102C/fox-C/nan	fd-102C/fox-C1-A/nan
Dsec	fox_OG5:fd-102C/fox-C/nan	fd-102C/fox-C1-A/nan
Agam	fox_OG5:fd-102C/fox-C/nan	fd-102C/fox-C1-A/nan
Dere	fox_OG5:fd-102C/fox-C/nan	fd-102C/fox-C1-A/nan
Dmir	fox_OG5:fd-102C/fox-C/nan	fd-102C/fox-C1-A/nan
Dana	fox_OG5:fd-102C/fox-C/nan	fd-102C/fox-C1-A/nan
Dalb	fox_OG5:fd-102C/fox-C/nan	fd-102C/fox-C1-A/nan
Dpse	fox_OG5:fd-102C/fox-C/nan	fd-102C/fox-C1-A/nan
Dkik	fox_OG5:fd-102C/fox-C/nan	fd-102C/fox-C1-A/nan
Dgri	fox_OG5:fd-102C/fox-C/nan	fd-102C/fox-C1-A/nan
Dser	fox_OG5:fd-102C/fox-C/nan	fd-102C/fox-C1-A/nan
Dari	fox_OG5:fd-102C/fox-C/nan	fd-102C/fox-C1-A/nan
Agam	fox_OG6:fox-P1-4	fox-P/fox-P1/fox-P4
Dhyd	fox_OG6:fox-P1-4	fox-P/fox-P1/fox-P4
Dbus	fox_OG6:fox-P1-4	fox-P/fox-P1/fox-P4
Dbip	fox_OG6:fox-P1-4	fox-P/fox-P1/fox-P4
Dgri	fox_OG6:fox-P1-4	fox-P/fox-P1/fox-P4
Dana	fox_OG6:fox-P1-4	fox-P/fox-P1/fox-P4
Dalb	fox_OG6:fox-P1-4	fox-P/fox-P1/fox-P4
Dmir	fox_OG6:fox-P1-4	fox-P/fox-P1/fox-P4
Dmel	fox_OG6:fox-P1-4	fox-P/fox-P1/fox-P4
Dere	fox_OG6:fox-P1-4	fox-P/fox-P1/fox-P4
Dele	fox_OG6:fox-P1-4	fox-P/fox-P1/fox-P4
Dsuz	fox_OG6:fox-P1-4	fox-P/fox-P1/fox-P4
Dpse	fox_OG6:fox-P1-4	fox-P/fox-P1/fox-P4
Dwil	fox_OG6:fox-P1-4	fox-P/fox-P1/fox-P4
Dsec	fox_OG6:fox-P1-4	fox-P/fox-P1/fox-P4
Dser	fox_OG6:fox-P1-4	fox-P/fox-P1/fox-P4
Dwil	fox_OG7:fox-O	fox-O
Agam	fox_OG7:fox-O	fox-O
Dari	fox_OG7:fox-O	fox-O
Dsuz	fox_OG7:fox-O	fox-O
Dsuz	fox_OG7:fox-O	fox-O
Dgri	fox_OG7:fox-O	fox-O
Dbip	fox_OG7:fox-O	fox-O
Dmir	fox_OG7:fox-O	fox-O
Dalb	fox_OG7:fox-O	fox-O
Dsec	fox_OG7:fox-O	fox-O
Dhyd	fox_OG7:fox-O	fox-O
Dbus	fox_OG7:fox-O	fox-O
Dere	fox_OG7:fox-O	fox-O
Dkik	fox_OG7:fox-O	fox-O
Dser	fox_OG7:fox-O	fox-O
Dpse	fox_OG7:fox-O	fox-O
Dele	fox_OG7:fox-O	fox-O
Dana	fox_OG7:fox-O	fox-O
Dmel	fox_OG7:fox-O	fox-O
Agam	fox_OG8:biniou	biniou
Dmel	fox_OG8:biniou	biniou
Dalb	fox_OG8:biniou	biniou
Dser	fox_OG8:biniou	biniou
Dele	fox_OG8:biniou	biniou
Dkik	fox_OG8:biniou	biniou
Dana	fox_OG8:biniou	biniou
Dari	fox_OG8:biniou	biniou
Dbus	fox_OG8:biniou	biniou
Dwil	fox_OG8:biniou	biniou
Dgri	fox_OG8:biniou	biniou
Dere	fox_OG8:biniou	biniou
Dsuz	fox_OG8:biniou	biniou
Dpse	fox_OG8:biniou	biniou
Dhyd	fox_OG8:biniou	biniou
Dbip	fox_OG8:biniou	biniou
Dmir	fox_OG8:biniou	biniou
Dsec	fox_OG8:biniou	biniou
Agam	fox_OG9:fd-2/fox-L1	fd-2/fox-L1
Dmel	fox_OG9:fd-2/fox-L1	fd-2/fox-L1
Dhyd	fox_OG9:fd-2/fox-L1	fd-2/fox-L1
Dbus	fox_OG9:fd-2/fox-L1	fd-2/fox-L1
Dkik	fox_OG9:fd-2/fox-L1	fd-2/fox-L1
Dser	fox_OG9:fd-2/fox-L1	fd-2/fox-L1
Dari	fox_OG9:fd-2/fox-L1	fd-2/fox-L1
Dsec	fox_OG9:fd-2/fox-L1	fd-2/fox-L1
Dere	fox_OG9:fd-2/fox-L1	fd-2/fox-L1
Dalb	fox_OG9:fd-2/fox-L1	fd-2/fox-L1
Dana	fox_OG9:fd-2/fox-L1	fd-2/fox-L1
Dsuz	fox_OG9:fd-2/fox-L1	fd-2/fox-L1
Dele	fox_OG9:fd-2/fox-L1	fd-2/fox-L1
Dgri	fox_OG9:fd-2/fox-L1	fd-2/fox-L1
Dpse	fox_OG9:fd-2/fox-L1	fd-2/fox-L1
Dwil	fox_OG9:fd-2/fox-L1	fd-2/fox-L1
Dbip	fox_OG9:fd-2/fox-L1	fd-2/fox-L1
Dmir	fox_OG9:fd-2/fox-L1	fd-2/fox-L1
Dere	fox_OG10:fd-19B/slp-1	fd-19B/slp-1
Dhyd	fox_OG10:fd-19B/slp-1	fd-19B/slp-1
Dmel	fox_OG10:fd-19B/slp-1	fd-19B/slp-1
Dsec	fox_OG10:fd-19B/slp-1	fd-19B/slp-1
Dsuz	fox_OG10:fd-19B/slp-1	fd-19B/slp-1
Dele	fox_OG10:fd-19B/slp-1	fd-19B/slp-1
Dpse	fox_OG10:fd-19B/slp-1	fd-19B/slp-1
Dmir	fox_OG10:fd-19B/slp-1	fd-19B/slp-1
Dari	fox_OG10:fd-19B/slp-1	fd-19B/slp-1
Dgri	fox_OG10:fd-19B/slp-1	fd-19B/slp-1
Dalb	fox_OG10:fd-19B/slp-1	fd-19B/slp-1
Dwil	fox_OG10:fd-19B/slp-1	fd-19B/slp-1
Dser	fox_OG10:fd-19B/slp-1	fd-19B/slp-1
Dkik	fox_OG10:fd-19B/slp-1	fd-19B/slp-1
Dbus	fox_OG10:fd-19B/slp-1	fd-19B/slp-1
Agam	fox_OG11:NA	NA
Dalb	fox_OG11:NA	NA
Dgri	fox_OG11:NA	NA
Dalb	fox_OG12:slp-1	slp-1
Dele	fox_OG12:slp-1	slp-1
Dbus	fox_OG12:slp-1	slp-1
Dgri	fox_OG12:slp-1	slp-1
Dhyd	fox_OG12:slp-1	slp-1
Dari	fox_OG12:slp-1	slp-1
Dana	fox_OG12:slp-1	slp-1
Dmir	fox_OG12:slp-1	slp-1
Dbip	fox_OG12:slp-1	slp-1
Dmel	fox_OG12:slp-1	slp-1
Dere	fox_OG12:slp-1	slp-1
Dsec	fox_OG12:slp-1	slp-1
Dkik	fox_OG12:slp-1	slp-1
Dpse	fox_OG12:slp-1	slp-1
Dwil	fox_OG12:slp-1	slp-1
Dser	fox_OG12:slp-1	slp-1
Dsuz	fox_OG12:slp-1	slp-1
Agam	fox_OG13:slp-2	slp-2
Dalb	fox_OG13:slp-2	slp-2
Dele	fox_OG13:slp-2	slp-2
Dere	fox_OG13:slp-2	slp-2
Dbus	fox_OG13:slp-2	slp-2
Dsec	fox_OG13:slp-2	slp-2
Dpse	fox_OG13:slp-2	slp-2
Dmir	fox_OG13:slp-2	slp-2
Dkik	fox_OG13:slp-2	slp-2
Dana	fox_OG13:slp-2	slp-2
Dari	fox_OG13:slp-2	slp-2
Dser	fox_OG13:slp-2	slp-2
Dbip	fox_OG13:slp-2	slp-2
Dhyd	fox_OG13:slp-2	slp-2
Dsuz	fox_OG13:slp-2	slp-2
Dwil	fox_OG13:slp-2	slp-2
Dgri	fox_OG13:slp-2	slp-2
Dmel	fox_OG13:slp-2	slp-2
Agam	fox_OG14:fd-3-59A	fd-3/fd-59A
Dbip	fox_OG14:fd-3-59A	fd-3/fd-59A
Dpse	fox_OG14:fd-3-59A	fd-3/fd-59A
Dmel	fox_OG14:fd-3-59A	fd-3/fd-59A
Dsuz	fox_OG14:fd-3-59A	fd-3/fd-59A
Dele	fox_OG14:fd-3-59A	fd-3/fd-59A
Dser	fox_OG14:fd-3-59A	fd-3/fd-59A
Dwil	fox_OG14:fd-3-59A	fd-3/fd-59A
Dgri	fox_OG14:fd-3-59A	fd-3/fd-59A
Dana	fox_OG14:fd-3-59A	fd-3/fd-59A
Dmir	fox_OG14:fd-3-59A	fd-3/fd-59A
Dalb	fox_OG14:fd-3-59A	fd-3/fd-59A
Dhyd	fox_OG14:fd-3-59A	fd-3/fd-59A
Dmir	fox_OG14:fd-3-59A	fd-3/fd-59A
Dkik	fox_OG14:fd-3-59A	fd-3/fd-59A
Dari	fox_OG14:fd-3-59A	fd-3/fd-59A
Dsec	fox_OG14:fd-3-59A	fd-3/fd-59A
Dere	fox_OG14:fd-3-59A	fd-3/fd-59A
Dbus	fox_OG14:fd-3-59A	fd-3/fd-59A
Agam	fox_OG15:crocodile	crocodile
Dalb	fox_OG15:crocodile	crocodile
Dele	fox_OG15:crocodile	crocodile
Dmel	fox_OG15:crocodile	crocodile
Dsec	fox_OG15:crocodile	crocodile
Dsuz	fox_OG15:crocodile	crocodile
Dari	fox_OG15:crocodile	crocodile
Dmir	fox_OG15:crocodile	crocodile
Dhyd	fox_OG15:crocodile	crocodile
Dbip	fox_OG15:crocodile	crocodile
Dwil	fox_OG15:crocodile	crocodile
Dser	fox_OG15:crocodile	crocodile
Dbus	fox_OG15:crocodile	crocodile
Dpse	fox_OG15:crocodile	crocodile
Dkik	fox_OG15:crocodile	crocodile
Dana	fox_OG15:crocodile	crocodile
Dgri	fox_OG15:crocodile	crocodile
Dere	fox_OG15:crocodile	crocodile
Dmir	fox_OG16:fkh	fkh
Dari	fox_OG16:fkh	fkh
Dpse	fox_OG16:fkh	fkh
Dwil	fox_OG16:fkh	fkh
Dsuz	fox_OG16:fkh	fkh
Dalb	fox_OG16:fkh	fkh
Dbip	fox_OG16:fkh	fkh
Dbus	fox_OG16:fkh	fkh
Dsec	fox_OG16:fkh	fkh
Dgri	fox_OG16:fkh	fkh
Dana	fox_OG16:fkh	fkh
Dkik	fox_OG16:fkh	fkh
Dser	fox_OG16:fkh	fkh
Dere	fox_OG16:fkh	fkh
Agam	fox_OG16:fkh	fkh
Dmel	fox_OG16:fkh	fkh
Dele	fox_OG16:fkh	fkh
Dhyd	fox_OG16:fkh	fkh
Dalb	fox_OG17:fd-5-96Cb	fd-5/fd-96Cb
Dele	fox_OG17:fd-5-96Cb	fd-5/fd-96Cb
Dgri	fox_OG17:fd-5-96Cb	fd-5/fd-96Cb
Dana	fox_OG17:fd-5-96Cb	fd-5/fd-96Cb
Dere	fox_OG17:fd-5-96Cb	fd-5/fd-96Cb
Dkik	fox_OG17:fd-5-96Cb	fd-5/fd-96Cb
Dwil	fox_OG17:fd-5-96Cb	fd-5/fd-96Cb
Dbip	fox_OG17:fd-5-96Cb	fd-5/fd-96Cb
Dser	fox_OG17:fd-5-96Cb	fd-5/fd-96Cb
Dsec	fox_OG17:fd-5-96Cb	fd-5/fd-96Cb
Dsuz	fox_OG17:fd-5-96Cb	fd-5/fd-96Cb
Dmel	fox_OG17:fd-5-96Cb	fd-5/fd-96Cb
Agam	fox_OG18:fd-4-96Ca	fd-4/fd-96Ca
Dana	fox_OG18:fd-4-96Ca	fd-4/fd-96Ca
Dmel	fox_OG18:fd-4-96Ca	fd-4/fd-96Ca
Dsuz	fox_OG18:fd-4-96Ca	fd-4/fd-96Ca
Dpse	fox_OG18:fd-4-96Ca	fd-4/fd-96Ca
Dser	fox_OG18:fd-4-96Ca	fd-4/fd-96Ca
Dele	fox_OG18:fd-4-96Ca	fd-4/fd-96Ca
Dkik	fox_OG18:fd-4-96Ca	fd-4/fd-96Ca
Dwil	fox_OG18:fd-4-96Ca	fd-4/fd-96Ca
Dalb	fox_OG18:fd-4-96Ca	fd-4/fd-96Ca
Dgri	fox_OG18:fd-4-96Ca	fd-4/fd-96Ca
Dbus	fox_OG18:fd-4-96Ca	fd-4/fd-96Ca
Dbip	fox_OG18:fd-4-96Ca	fd-4/fd-96Ca
Dhyd	fox_OG18:fd-4-96Ca	fd-4/fd-96Ca
Dari	fox_OG18:fd-4-96Ca	fd-4/fd-96Ca
Dsec	fox_OG18:fd-4-96Ca	fd-4/fd-96Ca
Dere	fox_OG18:fd-4-96Ca	fd-4/fd-96Ca
Dmir	fox_OG18:fd-4-96Ca	fd-4/fd-96Ca
Agam	fox_OG19:NA	NA
Agam	fox_OG20:NA	NA
Agam	fox_OG21:NA	NA
Neur	sox_OG0:NA	GATA-zinc-finger-10/dichaete/nan/sox-1/sox-10/sox-14/sox-15/sox-1a/sox-21a/sox-21b/sox-4/sox-8/sox-N/sox100B
Dana	sox_OG1:nan/sox-1-21b	nan/sox-1/sox-21b
Dari	sox_OG1:nan/sox-1-21b	nan/sox-1/sox-21b
Dhyd	sox_OG1:nan/sox-1-21b	nan/sox-1/sox-21b
Dbus	sox_OG1:nan/sox-1-21b	nan/sox-1/sox-21b
Dere	sox_OG1:nan/sox-1-21b	nan/sox-1/sox-21b
Dmir	sox_OG1:nan/sox-1-21b	nan/sox-1/sox-21b
Dmel	sox_OG1:nan/sox-1-21b	nan/sox-1/sox-21b
Dele	sox_OG1:nan/sox-1-21b	nan/sox-1/sox-21b
Dpse	sox_OG1:nan/sox-1-21b	nan/sox-1/sox-21b
Dwil	sox_OG1:nan/sox-1-21b	nan/sox-1/sox-21b
Dsec	sox_OG1:nan/sox-1-21b	nan/sox-1/sox-21b
Dalb	sox_OG1:nan/sox-1-21b	nan/sox-1/sox-21b
Dbip	sox_OG1:nan/sox-1-21b	nan/sox-1/sox-21b
Agam	sox_OG1:nan/sox-1-21b	nan/sox-1/sox-21b
Dkik	sox_OG1:nan/sox-1-21b	nan/sox-1/sox-21b
Dgri	sox_OG1:nan/sox-1-21b	nan/sox-1/sox-21b
Dser	sox_OG1:nan/sox-1-21b	nan/sox-1/sox-21b
Neur	sox_OG2:NA	GATA-zinc-finger-10/dichaete/nan/sox-1/sox-10/sox-14/sox-15/sox-1a/sox-21a/sox-21b/sox-4/sox-8/sox-N/sox100B
Dgri	sox_OG3:sox-14	sox-14
Dhyd	sox_OG3:sox-14	sox-14
Dbus	sox_OG3:sox-14	sox-14
Dpse	sox_OG3:sox-14	sox-14
Dkik	sox_OG3:sox-14	sox-14
Dbip	sox_OG3:sox-14	sox-14
Dser	sox_OG3:sox-14	sox-14
Dmir	sox_OG3:sox-14	sox-14
Dsec	sox_OG3:sox-14	sox-14
Dmel	sox_OG3:sox-14	sox-14
Dmir	sox_OG3:sox-14	sox-14
Dsuz	sox_OG3:sox-14	sox-14
Dari	sox_OG3:sox-14	sox-14
Dalb	sox_OG3:sox-14	sox-14
Dere	sox_OG3:sox-14	sox-14
Dwil	sox_OG3:sox-14	sox-14
Agam	sox_OG3:sox-14	sox-14
Dele	sox_OG3:sox-14	sox-14
Dana	sox_OG3:sox-14	sox-14
Dpse	sox_OG4:dichaete	dichaete
Dele	sox_OG4:dichaete	dichaete
Dmir	sox_OG4:dichaete	dichaete
Dalb	sox_OG4:dichaete	dichaete
Dsec	sox_OG4:dichaete	dichaete
Dgri	sox_OG4:dichaete	dichaete
Dana	sox_OG4:dichaete	dichaete
Dmel	sox_OG4:dichaete	dichaete
Dere	sox_OG4:dichaete	dichaete
Dbip	sox_OG4:dichaete	dichaete
Agam	sox_OG4:dichaete	dichaete
Dbus	sox_OG4:dichaete	dichaete
Dkik	sox_OG4:dichaete	dichaete
Dwil	sox_OG4:dichaete	dichaete
Dari	sox_OG4:dichaete	dichaete
Dhyd	sox_OG4:dichaete	dichaete
Dser	sox_OG4:dichaete	dichaete
Dsuz	sox_OG4:dichaete	dichaete
Dere	sox_OG5:sox-15	sox-15
Dele	sox_OG5:sox-15	sox-15
Dbus	sox_OG5:sox-15	sox-15
Dwil	sox_OG5:sox-15	sox-15
Dalb	sox_OG5:sox-15	sox-15
Dana	sox_OG5:sox-15	sox-15
Dbip	sox_OG5:sox-15	sox-15
Dari	sox_OG5:sox-15	sox-15
Dmir	sox_OG5:sox-15	sox-15
Dsec	sox_OG5:sox-15	sox-15
Agam	sox_OG5:sox-15	sox-15
Dmel	sox_OG5:sox-15	sox-15
Dser	sox_OG5:sox-15	sox-15
Dhyd	sox_OG5:sox-15	sox-15
Dsuz	sox_OG5:sox-15	sox-15
Dpse	sox_OG5:sox-15	sox-15
Dkik	sox_OG5:sox-15	sox-15
Dgri	sox_OG5:sox-15	sox-15
Dsec	sox_OG6:sox-1a-14-21a	sox-14/sox-1a/sox-21a
Dgri	sox_OG6:sox-1a-14-21a	sox-14/sox-1a/sox-21a
Dsuz	sox_OG6:sox-1a-14-21a	sox-14/sox-1a/sox-21a
Dmir	sox_OG6:sox-1a-14-21a	sox-14/sox-1a/sox-21a
Dkik	sox_OG6:sox-1a-14-21a	sox-14/sox-1a/sox-21a
Dbus	sox_OG6:sox-1a-14-21a	sox-14/sox-1a/sox-21a
Dari	sox_OG6:sox-1a-14-21a	sox-14/sox-1a/sox-21a
Dalb	sox_OG6:sox-1a-14-21a	sox-14/sox-1a/sox-21a
Dser	sox_OG6:sox-1a-14-21a	sox-14/sox-1a/sox-21a
Agam	sox_OG6:sox-1a-14-21a	sox-14/sox-1a/sox-21a
Dele	sox_OG6:sox-1a-14-21a	sox-14/sox-1a/sox-21a
Dana	sox_OG6:sox-1a-14-21a	sox-14/sox-1a/sox-21a
Dhyd	sox_OG6:sox-1a-14-21a	sox-14/sox-1a/sox-21a
Dere	sox_OG6:sox-1a-14-21a	sox-14/sox-1a/sox-21a
Dbip	sox_OG6:sox-1a-14-21a	sox-14/sox-1a/sox-21a
Dwil	sox_OG6:sox-1a-14-21a	sox-14/sox-1a/sox-21a
Dmel	sox_OG6:sox-1a-14-21a	sox-14/sox-1a/sox-21a
Dpse	sox_OG6:sox-1a-14-21a	sox-14/sox-1a/sox-21a
Dwil	sox_OG7:GATA-zinc-finger-10/sox-1/sox-N	GATA-zinc-finger-10/sox-1/sox-N
Dser	sox_OG7:GATA-zinc-finger-10/sox-1/sox-N	GATA-zinc-finger-10/sox-1/sox-N
Dsuz	sox_OG7:GATA-zinc-finger-10/sox-1/sox-N	GATA-zinc-finger-10/sox-1/sox-N
Dbus	sox_OG7:GATA-zinc-finger-10/sox-1/sox-N	GATA-zinc-finger-10/sox-1/sox-N
Dsec	sox_OG7:GATA-zinc-finger-10/sox-1/sox-N	GATA-zinc-finger-10/sox-1/sox-N
Dgri	sox_OG7:GATA-zinc-finger-10/sox-1/sox-N	GATA-zinc-finger-10/sox-1/sox-N
Dele	sox_OG7:GATA-zinc-finger-10/sox-1/sox-N	GATA-zinc-finger-10/sox-1/sox-N
Dari	sox_OG7:GATA-zinc-finger-10/sox-1/sox-N	GATA-zinc-finger-10/sox-1/sox-N
Dalb	sox_OG7:GATA-zinc-finger-10/sox-1/sox-N	GATA-zinc-finger-10/sox-1/sox-N
Dkik	sox_OG7:GATA-zinc-finger-10/sox-1/sox-N	GATA-zinc-finger-10/sox-1/sox-N
Agam	sox_OG7:GATA-zinc-finger-10/sox-1/sox-N	GATA-zinc-finger-10/sox-1/sox-N
Dmir	sox_OG7:GATA-zinc-finger-10/sox-1/sox-N	GATA-zinc-finger-10/sox-1/sox-N
Dbip	sox_OG7:GATA-zinc-finger-10/sox-1/sox-N	GATA-zinc-finger-10/sox-1/sox-N
Dere	sox_OG7:GATA-zinc-finger-10/sox-1/sox-N	GATA-zinc-finger-10/sox-1/sox-N
Dmel	sox_OG7:GATA-zinc-finger-10/sox-1/sox-N	GATA-zinc-finger-10/sox-1/sox-N
Dhyd	sox_OG7:GATA-zinc-finger-10/sox-1/sox-N	GATA-zinc-finger-10/sox-1/sox-N
Dpse	sox_OG7:GATA-zinc-finger-10/sox-1/sox-N	GATA-zinc-finger-10/sox-1/sox-N
Dana	sox_OG7:GATA-zinc-finger-10/sox-1/sox-N	GATA-zinc-finger-10/sox-1/sox-N
Dbus	sox_OG8:sox-4-8-10/sox100B	sox-10/sox-4/sox-8/sox100B
Dari	sox_OG8:sox-4-8-10/sox100B	sox-10/sox-4/sox-8/sox100B
Agam	sox_OG8:sox-4-8-10/sox100B	sox-10/sox-4/sox-8/sox100B
Dhyd	sox_OG8:sox-4-8-10/sox100B	sox-10/sox-4/sox-8/sox100B
Dkik	sox_OG8:sox-4-8-10/sox100B	sox-10/sox-4/sox-8/sox100B
Dana	sox_OG8:sox-4-8-10/sox100B	sox-10/sox-4/sox-8/sox100B
Dele	sox_OG8:sox-4-8-10/sox100B	sox-10/sox-4/sox-8/sox100B
Dser	sox_OG8:sox-4-8-10/sox100B	sox-10/sox-4/sox-8/sox100B
Dbip	sox_OG8:sox-4-8-10/sox100B	sox-10/sox-4/sox-8/sox100B
Dmir	sox_OG8:sox-4-8-10/sox100B	sox-10/sox-4/sox-8/sox100B
Dalb	sox_OG8:sox-4-8-10/sox100B	sox-10/sox-4/sox-8/sox100B
Dmel	sox_OG8:sox-4-8-10/sox100B	sox-10/sox-4/sox-8/sox100B
Dsec	sox_OG8:sox-4-8-10/sox100B	sox-10/sox-4/sox-8/sox100B
Dere	sox_OG8:sox-4-8-10/sox100B	sox-10/sox-4/sox-8/sox100B
Dsuz	sox_OG8:sox-4-8-10/sox100B	sox-10/sox-4/sox-8/sox100B
Dwil	sox_OG8:sox-4-8-10/sox100B	sox-10/sox-4/sox-8/sox100B
Dgri	sox_OG8:sox-4-8-10/sox100B	sox-10/sox-4/sox-8/sox100B
Dpse	sox_OG8:sox-4-8-10/sox100B	sox-10/sox-4/sox-8/sox100B
