Osin	dmrt_OG0:dmd-8/mab-23	dmd-8/mab-23
Pcan	dmrt_OG0:dmd-8/mab-23	dmd-8/mab-23
Gaeg	dmrt_OG0:dmd-8/mab-23	dmd-8/mab-23
Osin	dmrt_OG0:dmd-8/mab-23	dmd-8/mab-23
Osin	dmrt_OG0:dmd-8/mab-23	dmd-8/mab-23
Obim	dmrt_OG0:dmd-8/mab-23	dmd-8/mab-23
Apur	dmrt_OG0:dmd-8/mab-23	dmd-8/mab-23
Hruf	dmrt_OG0:dmd-8/mab-23	dmd-8/mab-23
Pmax	dmrt_OG0:dmd-8/mab-23	dmd-8/mab-23
Pyes	dmrt_OG0:dmd-8/mab-23	dmd-8/mab-23
Sbro	dmrt_OG0:dmd-8/mab-23	dmd-8/mab-23
Cgig	dmrt_OG0:dmd-8/mab-23	dmd-8/mab-23
Pmar	dmrt_OG0:dmd-8/mab-23	dmd-8/mab-23
Pstr	dmrt_OG0:dmd-8/mab-23	dmd-8/mab-23
Mner	dmrt_OG0:dmd-8/mab-23	dmd-8/mab-23
Cang	dmrt_OG0:dmd-8/mab-23	dmd-8/mab-23
Cari	dmrt_OG0:dmd-8/mab-23	dmd-8/mab-23
Mmar	dmrt_OG0:dmd-8/mab-23	dmd-8/mab-23
Airc	dmrt_OG0:dmd-8/mab-23	dmd-8/mab-23
Pcan	dmrt_OG0:dmd-8/mab-23	dmd-8/mab-23
Sglo	dmrt_OG0:dmd-8/mab-23	dmd-8/mab-23
Cvir	dmrt_OG0:dmd-8/mab-23	dmd-8/mab-23
Cele	dmrt_OG0:dmd-8/mab-23	dmd-8/mab-23
Hbia	dmrt_OG0:dmd-8/mab-23	dmd-8/mab-23
Cele	dmrt_OG0:dmd-8/mab-23	dmd-8/mab-23
Oedu	dmrt_OG0:dmd-8/mab-23	dmd-8/mab-23
Hruf	dmrt_OG0:dmd-8/mab-23	dmd-8/mab-23
Hbia	dmrt_OG0:dmd-8/mab-23	dmd-8/mab-23
Hsap	dmrt_OG1:DMRT-C2/dmd-6-7-9	DMRT-C2/dmd-6/dmd-7/dmd-9
Cele	dmrt_OG1:DMRT-C2/dmd-6-7-9	DMRT-C2/dmd-6/dmd-7/dmd-9
Cele	dmrt_OG1:DMRT-C2/dmd-6-7-9	DMRT-C2/dmd-6/dmd-7/dmd-9
Cele	dmrt_OG1:DMRT-C2/dmd-6-7-9	DMRT-C2/dmd-6/dmd-7/dmd-9
Cele	dmrt_OG2:mab-3	dmd-3/mab-3
Cele	dmrt_OG3:dmd-3	dmd-3/mab-3
Cele	dmrt_OG4:dmd-10	dmd-10
Pvir	dmrt_OG4:dmd-10	dmd-10
Mcal	dmrt_OG4:dmd-10	dmd-10
Mgal	dmrt_OG4:dmd-10	dmd-10
Ppur	dmrt_OG4:dmd-10	dmd-10
Mcor	dmrt_OG4:dmd-10	dmd-10
Medu	dmrt_OG4:dmd-10	dmd-10
Hsap	dmrt_OG5:dmrt-3	dmrt-3
Cgig	dmrt_OG5:dmrt-3	dmrt-3
Scon	dmrt_OG5:dmrt-3	dmrt-3
Cvir	dmrt_OG5:dmrt-3	dmrt-3
Pcor	dmrt_OG5:dmrt-3	dmrt-3
Airc	dmrt_OG5:dmrt-3	dmrt-3
Oedu	dmrt_OG5:dmrt-3	dmrt-3
Bgla	dmrt_OG5:dmrt-3	dmrt-3
Cang	dmrt_OG5:dmrt-3	dmrt-3
Mmar	dmrt_OG5:dmrt-3	dmrt-3
Sglo	dmrt_OG5:dmrt-3	dmrt-3
Sbro	dmrt_OG5:dmrt-3	dmrt-3
Hbia	dmrt_OG5:dmrt-3	dmrt-3
Dpol	dmrt_OG5:dmrt-3	dmrt-3
Mner	dmrt_OG5:dmrt-3	dmrt-3
Gaeg	dmrt_OG5:dmrt-3	dmrt-3
Pmax	dmrt_OG5:dmrt-3	dmrt-3
Mcal	dmrt_OG5:dmrt-3	dmrt-3
Tgra	dmrt_OG5:dmrt-3	dmrt-3
Csin	dmrt_OG5:dmrt-3	dmrt-3
Rphi	dmrt_OG5:dmrt-3	dmrt-3
Pcan	dmrt_OG5:dmrt-3	dmrt-3
Mgal	dmrt_OG5:dmrt-3	dmrt-3
Amar	dmrt_OG5:dmrt-3	dmrt-3
Medu	dmrt_OG5:dmrt-3	dmrt-3
Apur	dmrt_OG5:dmrt-3	dmrt-3
Dmel	dmrt_OG5:dmrt-3	dmrt-3
Mcor	dmrt_OG5:dmrt-3	dmrt-3
Mare	dmrt_OG5:dmrt-3	dmrt-3
Hruf	dmrt_OG5:dmrt-3	dmrt-3
Pyes	dmrt_OG5:dmrt-3	dmrt-3
Acal	dmrt_OG5:dmrt-3	dmrt-3
Pvir	dmrt_OG5:dmrt-3	dmrt-3
Mmer	dmrt_OG5:dmrt-3	dmrt-3
Mphi	dmrt_OG5:dmrt-3	dmrt-3
Cpli	dmrt_OG5:dmrt-3	dmrt-3
Cari	dmrt_OG5:dmrt-3	dmrt-3
Cele	dmrt_OG5:dmrt-3	dmrt-3
Obim	dmrt_OG6:dmrt-2	dmrt-2
Cpli	dmrt_OG6:dmrt-2	dmrt-2
Osin	dmrt_OG6:dmrt-2	dmrt-2
Pstr	dmrt_OG6:dmrt-2	dmrt-2
Mcor	dmrt_OG6:dmrt-2	dmrt-2
Airc	dmrt_OG6:dmrt-2	dmrt-2
Rphi	dmrt_OG6:dmrt-2	dmrt-2
Tsqu	dmrt_OG6:dmrt-2	dmrt-2
Mgal	dmrt_OG6:dmrt-2	dmrt-2
Dmel	dmrt_OG6:dmrt-2	dmrt-2
Scon	dmrt_OG6:dmrt-2	dmrt-2
Gaeg	dmrt_OG6:dmrt-2	NA
Bgla	dmrt_OG6:dmrt-2	NA
Pvir	dmrt_OG6:dmrt-2	dmrt-2
Pcor	dmrt_OG6:dmrt-2	NA
Tgra	dmrt_OG6:dmrt-2	dmrt-2
Sbro	dmrt_OG6:dmrt-2	dmrt-2
Pmax	dmrt_OG6:dmrt-2	dmrt-2
Apec	dmrt_OG6:dmrt-2	dmrt-2
Pcor	dmrt_OG6:dmrt-2	dmrt-2
Mmer	dmrt_OG6:dmrt-2	dmrt-2
Mphi	dmrt_OG6:dmrt-2	dmrt-2
Pyes	dmrt_OG6:dmrt-2	dmrt-2
Pcan	dmrt_OG6:dmrt-2	NA
Hruf	dmrt_OG6:dmrt-2	NA
Medu	dmrt_OG6:dmrt-2	dmrt-2
Hsap	dmrt_OG6:dmrt-2	dmrt-2
Pmar	dmrt_OG6:dmrt-2	dmrt-2
Mchi	dmrt_OG7:DMRT-B1	DMRT-B1
Scon	dmrt_OG7:DMRT-B1	DMRT-B1
Hsap	dmrt_OG7:DMRT-B1	DMRT-B1
Hsap	dmrt_OG8:dmrt-4-5	dmrt-4/dmrt-5
Lorb	dmrt_OG8:dmrt-4-5	dmrt-4/dmrt-5
Hsap	dmrt_OG8:dmrt-4-5	dmrt-4/dmrt-5
Pstr	dmrt_OG8:dmrt-4-5	dmrt-4/dmrt-5
Scon	dmrt_OG8:dmrt-4-5	dmrt-4/dmrt-5
Hbia	dmrt_OG8:dmrt-4-5	dmrt-4/dmrt-5
Mner	dmrt_OG8:dmrt-4-5	dmrt-4/dmrt-5
Gaeg	dmrt_OG8:dmrt-4-5	dmrt-4/dmrt-5
Mmod	dmrt_OG8:dmrt-4-5	dmrt-4/dmrt-5
Pstr	dmrt_OG8:dmrt-4-5	dmrt-4/dmrt-5
Sbro	dmrt_OG8:dmrt-4-5	dmrt-4/dmrt-5
Pcor	dmrt_OG8:dmrt-4-5	dmrt-4/dmrt-5
Hruf	dmrt_OG8:dmrt-4-5	dmrt-4/dmrt-5
Apur	dmrt_OG8:dmrt-4-5	dmrt-4/dmrt-5
Cgig	dmrt_OG8:dmrt-4-5	dmrt-4/dmrt-5
Dmel	dmrt_OG8:dmrt-4-5	dmrt-4/dmrt-5
Pcor	dmrt_OG8:dmrt-4-5	dmrt-4/dmrt-5
Csin	dmrt_OG8:dmrt-4-5	dmrt-4/dmrt-5
Acal	dmrt_OG8:dmrt-4-5	dmrt-4/dmrt-5
Cele	dmrt_OG8:dmrt-4-5	dmrt-4/dmrt-5
Medu	dmrt_OG8:dmrt-4-5	dmrt-4/dmrt-5
Pgen	dmrt_OG8:dmrt-4-5	dmrt-4/dmrt-5
Dpol	dmrt_OG8:dmrt-4-5	dmrt-4/dmrt-5
Pcan	dmrt_OG8:dmrt-4-5	dmrt-4/dmrt-5
Mmer	dmrt_OG8:dmrt-4-5	dmrt-4/dmrt-5
Mner	dmrt_OG8:dmrt-4-5	dmrt-4/dmrt-5
Cpli	dmrt_OG8:dmrt-4-5	dmrt-4/dmrt-5
Bgla	dmrt_OG8:dmrt-4-5	dmrt-4/dmrt-5
Mcor	dmrt_OG8:dmrt-4-5	dmrt-4/dmrt-5
Tsqu	dmrt_OG8:dmrt-4-5	dmrt-4/dmrt-5
Cang	dmrt_OG8:dmrt-4-5	dmrt-4/dmrt-5
Mcal	dmrt_OG8:dmrt-4-5	dmrt-4/dmrt-5
Tgra	dmrt_OG8:dmrt-4-5	dmrt-4/dmrt-5
Mare	dmrt_OG8:dmrt-4-5	dmrt-4/dmrt-5
Pyes	dmrt_OG8:dmrt-4-5	dmrt-4/dmrt-5
Mner	dmrt_OG8:dmrt-4-5	dmrt-4/dmrt-5
Pcor	dmrt_OG8:dmrt-4-5	dmrt-4/dmrt-5
Scon	dmrt_OG8:dmrt-4-5	dmrt-4/dmrt-5
Sglo	dmrt_OG8:dmrt-4-5	dmrt-4/dmrt-5
Mchi	dmrt_OG8:dmrt-4-5	dmrt-4/dmrt-5
Hbia	dmrt_OG8:dmrt-4-5	dmrt-4/dmrt-5
Mare	dmrt_OG8:dmrt-4-5	dmrt-4/dmrt-5
Cari	dmrt_OG8:dmrt-4-5	dmrt-4/dmrt-5
Cpli	dmrt_OG8:dmrt-4-5	dmrt-4/dmrt-5
Cpli	dmrt_OG8:dmrt-4-5	dmrt-4/dmrt-5
Mgal	dmrt_OG8:dmrt-4-5	dmrt-4/dmrt-5
Mmar	dmrt_OG8:dmrt-4-5	dmrt-4/dmrt-5
Mner	dmrt_OG8:dmrt-4-5	dmrt-4/dmrt-5
Rphi	dmrt_OG8:dmrt-4-5	dmrt-4/dmrt-5
Mare	dmrt_OG8:dmrt-4-5	dmrt-4/dmrt-5
Pmax	dmrt_OG8:dmrt-4-5	dmrt-4/dmrt-5
Oedu	dmrt_OG8:dmrt-4-5	dmrt-4/dmrt-5
Amar	dmrt_OG8:dmrt-4-5	dmrt-4/dmrt-5
Cpli	dmrt_OG8:dmrt-4-5	dmrt-4/dmrt-5
Mmer	dmrt_OG8:dmrt-4-5	dmrt-4/dmrt-5
Cpli	dmrt_OG8:dmrt-4-5	dmrt-4/dmrt-5
Apec	dmrt_OG8:dmrt-4-5	dmrt-4/dmrt-5
Hbia	dmrt_OG8:dmrt-4-5	dmrt-4/dmrt-5
Sgra	dmrt_OG8:dmrt-4-5	dmrt-4/dmrt-5
Cvir	dmrt_OG8:dmrt-4-5	dmrt-4/dmrt-5
Sbro	dmrt_OG8:dmrt-4-5	dmrt-4/dmrt-5
Amar	dmrt_OG8:dmrt-4-5	dmrt-4/dmrt-5
Rphi	dmrt_OG8:dmrt-4-5	dmrt-4/dmrt-5
Dpol	dmrt_OG8:dmrt-4-5	dmrt-4/dmrt-5
Mmar	dmrt_OG8:dmrt-4-5	dmrt-4/dmrt-5
Mmer	dmrt_OG8:dmrt-4-5	dmrt-4/dmrt-5
Mmar	dmrt_OG8:dmrt-4-5	dmrt-4/dmrt-5
Dpol	dmrt_OG8:dmrt-4-5	dmrt-4/dmrt-5
Mmar	dmrt_OG8:dmrt-4-5	dmrt-4/dmrt-5
Pstr	dmrt_OG8:dmrt-4-5	dmrt-4/dmrt-5
Rphi	dmrt_OG8:dmrt-4-5	dmrt-4/dmrt-5
Rdec	dmrt_OG8:dmrt-4-5	dmrt-4/dmrt-5
Mphi	dmrt_OG8:dmrt-4-5	dmrt-4/dmrt-5
Pgen	dmrt_OG8:dmrt-4-5	dmrt-4/dmrt-5
Pstr	dmrt_OG8:dmrt-4-5	dmrt-4/dmrt-5
Lorb	dmrt_OG8:dmrt-4-5	dmrt-4/dmrt-5
Pcor	dmrt_OG8:dmrt-4-5	dmrt-4/dmrt-5
Csin	dmrt_OG8:dmrt-4-5	dmrt-4/dmrt-5
Sgra	dmrt_OG8:dmrt-4-5	dmrt-4/dmrt-5
Pvir	dmrt_OG8:dmrt-4-5	dmrt-4/dmrt-5
Airc	dmrt_OG8:dmrt-4-5	dmrt-4/dmrt-5
Hbia	dmrt_OG8:dmrt-4-5	dmrt-4/dmrt-5
Poku	dmrt_OG8:dmrt-4-5	dmrt-4/dmrt-5
Hbia	dmrt_OG8:dmrt-4-5	dmrt-4/dmrt-5
Pstr	dmrt_OG8:dmrt-4-5	dmrt-4/dmrt-5
Mmar	dmrt_OG8:dmrt-4-5	dmrt-4/dmrt-5
Apec	dmrt_OG9:NA	NA
Hsap	dmrt_OG10:DMRT-1	DMRT-1
Dmel	dmrt_OG11:dsx	dsx
Obim	fox_OG0:NA	NA
Osin	fox_OG1:NA	NA
Hruf	fox_OG2:NA	NA
Cvir	fox_OG2:NA	NA
Gaeg	fox_OG2:NA	NA
Pcor	fox_OG2:NA	NA
Medu	fox_OG2:NA	NA
Rphi	fox_OG2:NA	NA
Pyes	fox_OG2:NA	NA
Pvir	fox_OG2:NA	NA
Airc	fox_OG2:NA	NA
Cpli	fox_OG2:NA	NA
Poku	fox_OG2:NA	NA
Cari	fox_OG2:NA	NA
Csin	fox_OG2:NA	NA
Mmod	fox_OG2:NA	NA
Apur	fox_OG2:NA	NA
Pmax	fox_OG2:NA	NA
Mmer	fox_OG2:NA	NA
Pmar	fox_OG2:NA	NA
Hbia	fox_OG2:NA	NA
Sbro	fox_OG2:NA	NA
Dpol	fox_OG2:NA	NA
Apec	fox_OG2:NA	NA
Pcor	fox_OG2:NA	NA
Oedu	fox_OG2:NA	NA
Mcal	fox_OG2:NA	NA
Dpol	fox_OG2:NA	NA
Mare	fox_OG2:NA	NA
Ppur	fox_OG2:NA	NA
Pcor	fox_OG2:NA	NA
Csin	fox_OG2:NA	NA
Mmar	fox_OG2:NA	NA
Sglo	fox_OG2:NA	NA
Tgra	fox_OG2:NA	NA
Rdec	fox_OG2:NA	NA
Pgen	fox_OG2:NA	NA
Pcor	fox_OG2:NA	NA
Pstr	fox_OG2:NA	NA
Sgra	fox_OG2:NA	NA
Cflu	fox_OG2:NA	NA
Mner	fox_OG2:NA	NA
Tsqu	fox_OG2:NA	NA
Cang	fox_OG2:NA	NA
Mcor	fox_OG2:NA	NA
Cele	fox_OG3:fox-O	fox-O
Bgla	fox_OG3:fox-O	fox-O
Mcal	fox_OG3:fox-O	fox-O
Gaeg	fox_OG3:fox-O	fox-O
Scon	fox_OG3:fox-O	fox-O
Airc	fox_OG3:fox-O	fox-O
Cari	fox_OG3:fox-O	fox-O
Apec	fox_OG3:fox-O	fox-O
Oedu	fox_OG3:fox-O	fox-O
Hruf	fox_OG3:fox-O	fox-O
Pcor	fox_OG3:fox-O	fox-O
Pcor	fox_OG3:fox-O	fox-O
Pcan	fox_OG3:fox-O	fox-O
Sgra	fox_OG3:fox-O	fox-O
Dpol	fox_OG3:fox-O	fox-O
Cflu	fox_OG3:fox-O	fox-O
Mchi	fox_OG3:fox-O	fox-O
Mmer	fox_OG3:fox-O	fox-O
Pcor	fox_OG3:fox-O	fox-O
Tsqu	fox_OG3:fox-O	fox-O
Pmar	fox_OG3:fox-O	fox-O
Apur	fox_OG3:fox-O	fox-O
Hsap	fox_OG3:fox-O	fox-O
Cgig	fox_OG3:fox-O	fox-O
Mcor	fox_OG3:fox-O	fox-O
Hsap	fox_OG3:fox-O	fox-O
Mare	fox_OG3:fox-O	fox-O
Mmar	fox_OG3:fox-O	fox-O
Mmod	fox_OG3:fox-O	fox-O
Rdec	fox_OG3:fox-O	fox-O
Hsap	fox_OG3:fox-O	fox-O
Mner	fox_OG3:fox-O	fox-O
Osin	fox_OG3:fox-O	fox-O
Pmax	fox_OG3:fox-O	fox-O
Poku	fox_OG3:fox-O	fox-O
Hbia	fox_OG3:fox-O	fox-O
Sglo	fox_OG3:fox-O	fox-O
Pgen	fox_OG3:fox-O	fox-O
Cpli	fox_OG3:fox-O	fox-O
Lorb	fox_OG3:fox-O	fox-O
Pgen	fox_OG3:fox-O	fox-O
Pstr	fox_OG3:fox-O	fox-O
Pvir	fox_OG3:fox-O	fox-O
Cang	fox_OG3:fox-O	fox-O
Ppur	fox_OG3:fox-O	fox-O
Acal	fox_OG3:fox-O	fox-O
Cvir	fox_OG3:fox-O	fox-O
Pyes	fox_OG3:fox-O	fox-O
Cvir	fox_OG3:fox-O	fox-O
Hsap	fox_OG3:fox-O	fox-O
Amar	fox_OG3:fox-O	fox-O
Rphi	fox_OG3:fox-O	fox-O
Obim	fox_OG3:fox-O	fox-O
Pcor	fox_OG4:NA	fkh-8
Cele	fox_OG5:fkh-8	fkh-8
Hsap	fox_OG6:fox-P	fox-P
Dmel	fox_OG6:fox-P	fox-P
Osin	fox_OG6:fox-P	fox-P
Obim	fox_OG6:fox-P	fox-P
Osin	fox_OG7:fox-J2-3	fox-J2/fox-J3
Dpol	fox_OG7:fox-J2-3	fox-J2
Obim	fox_OG7:fox-J2-3	fox-J2/fox-J3
Cvir	fox_OG7:fox-J2-3	fox-J2
Mmod	fox_OG7:fox-J2-3	fox-J2
Tgra	fox_OG7:fox-J2-3	fox-J2
Pcor	fox_OG7:fox-J2-3	fox-J2
Cari	fox_OG7:fox-J2-3	fox-J2
Oedu	fox_OG7:fox-J2-3	fox-J2
Medu	fox_OG7:fox-J2-3	fox-J2
Airc	fox_OG7:fox-J2-3	fox-J2
Cgig	fox_OG7:fox-J2-3	fox-J2
Hsap	fox_OG7:fox-J2-3	fox-J3
Hbia	fox_OG7:fox-J2-3	fox-J2
Mcal	fox_OG7:fox-J2-3	fox-J2
Sglo	fox_OG7:fox-J2-3	fox-J2
Rphi	fox_OG7:fox-J2-3	fox-J2
Pcor	fox_OG7:fox-J2-3	fox-J2
Acal	fox_OG7:fox-J2-3	fox-J2
Mmer	fox_OG7:fox-J2-3	NA
Cang	fox_OG7:fox-J2-3	fox-J2
Pmax	fox_OG7:fox-J2-3	fox-J2
Cpli	fox_OG7:fox-J2-3	fox-J2
Mphi	fox_OG7:fox-J2-3	NA
Cflu	fox_OG7:fox-J2-3	NA
Poku	fox_OG7:fox-J2-3	fox-J2
Mare	fox_OG7:fox-J2-3	fox-J2
Mmer	fox_OG7:fox-J2-3	NA
Pyes	fox_OG7:fox-J2-3	fox-J2
Pcor	fox_OG7:fox-J2-3	NA
Pstr	fox_OG7:fox-J2-3	fox-J2
Mgal	fox_OG7:fox-J2-3	fox-J2
Ppur	fox_OG7:fox-J2-3	fox-J2
Apur	fox_OG7:fox-J2-3	fox-J2
Tsqu	fox_OG7:fox-J2-3	fox-J2
Mmar	fox_OG7:fox-J2-3	fox-J2
Amar	fox_OG7:fox-J2-3	NA
Hsap	fox_OG7:fox-J2-3	fox-J2
Bgla	fox_OG7:fox-J2-3	fox-J2
Mare	fox_OG7:fox-J2-3	fox-J2
Pvir	fox_OG7:fox-J2-3	fox-J2
Mchi	fox_OG7:fox-J2-3	fox-J2
Sgra	fox_OG7:fox-J2-3	fox-J2
Sbro	fox_OG7:fox-J2-3	fox-J2
Hruf	fox_OG7:fox-J2-3	fox-J2
Scon	fox_OG7:fox-J2-3	fox-J2
Pcan	fox_OG7:fox-J2-3	fox-J2
Mcor	fox_OG7:fox-J2-3	fox-J2
Mgal	fox_OG7:fox-J2-3	fox-J2
Pmar	fox_OG7:fox-J2-3	fox-J2
Csin	fox_OG7:fox-J2-3	fox-J2
Gaeg	fox_OG7:fox-J2-3	fox-J2
Pgen	fox_OG7:fox-J2-3	fox-J2
Osin	fox_OG8:pes-1	pes-1
Cele	fox_OG8:pes-1	pes-1
Osin	fox_OG9:NA	pes-1
Pcor	fox_OG9:NA	pes-1
Hsap	fox_OG10:fox-P	fox-P
Pmar	fox_OG10:fox-P	fox-P
Pvir	fox_OG10:fox-P	fox-P
Mchi	fox_OG10:fox-P	fox-P
Apur	fox_OG10:fox-P	fox-P
Pstr	fox_OG10:fox-P	fox-P
Cvir	fox_OG10:fox-P	fox-P
Oedu	fox_OG10:fox-P	fox-P
Poku	fox_OG10:fox-P	fox-P
Sgra	fox_OG10:fox-P	fox-P
Mcal	fox_OG10:fox-P	fox-P
Mcal	fox_OG10:fox-P	fox-P
Cele	fox_OG10:fox-P	fox-P
Mgal	fox_OG10:fox-P	fox-P
Mare	fox_OG10:fox-P	fox-P
Mcal	fox_OG10:fox-P	fox-P
Tgra	fox_OG10:fox-P	fox-P
Sbro	fox_OG10:fox-P	fox-P
Mcal	fox_OG10:fox-P	fox-P
Gaeg	fox_OG10:fox-P	fox-P
Cgig	fox_OG10:fox-P	fox-P
Medu	fox_OG10:fox-P	fox-P
Rdec	fox_OG10:fox-P	fox-P
Lorb	fox_OG10:fox-P	fox-P
Mcor	fox_OG10:fox-P	fox-P
Cari	fox_OG10:fox-P	fox-P
Cang	fox_OG10:fox-P	fox-P
Csin	fox_OG10:fox-P	fox-P
Mphi	fox_OG10:fox-P	fox-P
Sglo	fox_OG10:fox-P	fox-P
Ppur	fox_OG10:fox-P	fox-P
Cpli	fox_OG10:fox-P	fox-P
Rphi	fox_OG10:fox-P	fox-P
Pmax	fox_OG10:fox-P	fox-P
Mgal	fox_OG10:fox-P	fox-P
Mner	fox_OG10:fox-P	fox-P
Mmer	fox_OG10:fox-P	fox-P
Cflu	fox_OG10:fox-P	fox-P
Pcan	fox_OG10:fox-P	fox-P
Scon	fox_OG10:fox-P	fox-P
Mgal	fox_OG10:fox-P	fox-P
Mmod	fox_OG10:fox-P	fox-P
Bgla	fox_OG10:fox-P	fox-P
Dpol	fox_OG10:fox-P	fox-P
Mmar	fox_OG10:fox-P	fox-P
Pgen	fox_OG10:fox-P	fox-P
Hruf	fox_OG10:fox-P	fox-P
Scon	fox_OG10:fox-P	fox-P
Airc	fox_OG10:fox-P	fox-P
Mgal	fox_OG10:fox-P	fox-P
Pcor	fox_OG10:fox-P	fox-P
Pyes	fox_OG10:fox-P	fox-P
Mphi	fox_OG11:fox-K	fox-K
Hbia	fox_OG11:fox-K	fox-K
Cari	fox_OG11:fox-K	fox-K
Gaeg	fox_OG11:fox-K	fox-K
Cpli	fox_OG11:fox-K	fox-K
Mmar	fox_OG11:fox-K	fox-K
Hruf	fox_OG11:fox-K	fox-K
Dmel	fox_OG11:fox-K	fox-K
Cvir	fox_OG11:fox-K	fox-K
Rdec	fox_OG11:fox-K	fox-K
Hsap	fox_OG11:fox-K	fox-K
Osin	fox_OG11:fox-K	fox-K
Obim	fox_OG11:fox-K	fox-K
Cgig	fox_OG11:fox-K	fox-K
Cang	fox_OG11:fox-K	fox-K
Oedu	fox_OG11:fox-K	fox-K
Hsap	fox_OG11:fox-K	fox-K
Sglo	fox_OG11:fox-K	fox-K
Bgla	fox_OG11:fox-K	fox-K
Apur	fox_OG11:fox-K	fox-K
Acal	fox_OG11:fox-K	fox-K
Hsap	fox_OG12:fox-J1	fox-J1
Rdec	fox_OG12:fox-J1	fox-J1
Mgal	fox_OG12:fox-J1	fox-J1
Lorb	fox_OG12:fox-J1	fox-J1
Mmar	fox_OG12:fox-J1	fox-J1
Oedu	fox_OG12:fox-J1	fox-J1
Mare	fox_OG12:fox-J1	fox-J1
Mner	fox_OG12:fox-J1	fox-J1
Mare	fox_OG12:fox-J1	fox-J1
Apec	fox_OG12:fox-J1	fox-J1
Sgra	fox_OG12:fox-J1	fox-J1
Pcor	fox_OG12:fox-J1	fox-J1
Mare	fox_OG12:fox-J1	fox-J1
Gaeg	fox_OG12:fox-J1	fox-J1
Pyes	fox_OG12:fox-J1	fox-J1
Csin	fox_OG12:fox-J1	fox-J1
Osin	fox_OG12:fox-J1	fox-J1
Pcor	fox_OG12:fox-J1	fox-J1
Pvir	fox_OG12:fox-J1	fox-J1
Scon	fox_OG12:fox-J1	fox-J1
Mmer	fox_OG12:fox-J1	fox-J1
Pmar	fox_OG12:fox-J1	fox-J1
Scon	fox_OG12:fox-J1	fox-J1
Sglo	fox_OG12:fox-J1	fox-J1
Cang	fox_OG12:fox-J1	fox-J1
Obim	fox_OG12:fox-J1	fox-J1
Mphi	fox_OG12:fox-J1	fox-J1
Cgig	fox_OG12:fox-J1	fox-J1
Pstr	fox_OG12:fox-J1	fox-J1
Mare	fox_OG12:fox-J1	fox-J1
Mmod	fox_OG12:fox-J1	fox-J1
Mcal	fox_OG12:fox-J1	fox-J1
Airc	fox_OG12:fox-J1	fox-J1
Bgla	fox_OG12:fox-J1	fox-J1
Apur	fox_OG12:fox-J1	fox-J1
Cpli	fox_OG12:fox-J1	fox-J1
Mare	fox_OG12:fox-J1	fox-J1
Hbia	fox_OG12:fox-J1	fox-J1
Medu	fox_OG12:fox-J1	fox-J1
Rphi	fox_OG12:fox-J1	fox-J1
Cvir	fox_OG12:fox-J1	fox-J1
Dpol	fox_OG12:fox-J1	fox-J1
Sbro	fox_OG12:fox-J1	fox-J1
Acal	fox_OG12:fox-J1	fox-J1
Poku	fox_OG12:fox-J1	fox-J1
Mchi	fox_OG12:fox-J1	fox-J1
Mare	fox_OG12:fox-J1	fox-J1
Mcor	fox_OG12:fox-J1	fox-J1
Pmax	fox_OG12:fox-J1	fox-J1
Tsqu	fox_OG12:fox-J1	fox-J1
Cvir	fox_OG12:fox-J1	fox-J1
Cari	fox_OG12:fox-J1	fox-J1
Amar	fox_OG12:fox-J1	fox-J1
Hruf	fox_OG12:fox-J1	fox-J1
Pcor	fox_OG12:fox-J1	fox-J1
Cflu	fox_OG12:fox-J1	fox-J1
Ppur	fox_OG12:fox-J1	fox-J1
Pcan	fox_OG12:fox-J1	fox-J1
Tgra	fox_OG12:fox-J1	fox-J1
Pgen	fox_OG12:fox-J1	fox-J1
Pmar	fox_OG13:NA	NA
Mmer	fox_OG13:NA	NA
Tsqu	fox_OG13:NA	NA
Medu	fox_OG13:NA	NA
Rdec	fox_OG13:NA	NA
Hruf	fox_OG13:NA	NA
Pstr	fox_OG13:NA	NA
Gaeg	fox_OG13:NA	NA
Scon	fox_OG13:NA	NA
Mphi	fox_OG13:NA	NA
Cari	fox_OG13:NA	NA
Rphi	fox_OG13:NA	NA
Sbro	fox_OG13:NA	NA
Airc	fox_OG13:NA	NA
Tgra	fox_OG13:NA	NA
Pyes	fox_OG13:NA	NA
Mmod	fox_OG13:NA	NA
Cang	fox_OG13:NA	NA
Mmar	fox_OG13:NA	NA
Oedu	fox_OG13:NA	NA
Hruf	fox_OG13:NA	NA
Airc	fox_OG13:NA	NA
Pvir	fox_OG13:NA	NA
Cgig	fox_OG13:NA	NA
Pmax	fox_OG13:NA	NA
Dpol	fox_OG13:NA	NA
Sglo	fox_OG13:NA	NA
Mcal	fox_OG13:NA	NA
Cvir	fox_OG13:NA	NA
Hbia	fox_OG13:NA	NA
Mcor	fox_OG13:NA	NA
Mgal	fox_OG13:NA	NA
Mgal	fox_OG13:NA	NA
Apur	fox_OG13:NA	NA
Dpol	fox_OG13:NA	NA
Dmel	fox_OG14:fox-N3	fox-N2-3
Apec	fox_OG14:fox-N3	fox-N2-3
Rdec	fox_OG14:fox-N3	fox-N2-3
Rphi	fox_OG14:fox-N3	fox-N2-3
Cari	fox_OG14:fox-N3	fox-N2-3
Bgla	fox_OG14:fox-N3	fox-N2-3
Pcor	fox_OG14:fox-N3	fox-N2-3
Mcor	fox_OG14:fox-N3	fox-N2-3
Mchi	fox_OG14:fox-N3	fox-N2-3
Hsap	fox_OG14:fox-N3	fox-N2-3
Amar	fox_OG14:fox-N3	fox-N2-3
Csin	fox_OG14:fox-N3	fox-N2-3
Gaeg	fox_OG14:fox-N3	fox-N2-3
Pstr	fox_OG14:fox-N3	fox-N2-3
Hbia	fox_OG14:fox-N3	fox-N2-3
Mare	fox_OG14:fox-N3	fox-N2-3
Oedu	fox_OG14:fox-N3	fox-N2-3
Mmer	fox_OG14:fox-N3	fox-N2-3
Sglo	fox_OG14:fox-N3	fox-N2-3
Poku	fox_OG14:fox-N3	fox-N2-3
Pmax	fox_OG14:fox-N3	fox-N2-3
Mgal	fox_OG14:fox-N3	fox-N2-3
Tgra	fox_OG14:fox-N3	fox-N2-3
Tsqu	fox_OG14:fox-N3	fox-N2-3
Cvir	fox_OG14:fox-N3	fox-N2-3
Osin	fox_OG14:fox-N3	fox-N2-3
Ppur	fox_OG14:fox-N3	fox-N2-3
Mgal	fox_OG14:fox-N3	fox-N2-3
Pcor	fox_OG14:fox-N3	fox-N2-3
Pmar	fox_OG14:fox-N3	fox-N2-3
Mmod	fox_OG14:fox-N3	fox-N2-3
Mcal	fox_OG14:fox-N3	fox-N2-3
Cang	fox_OG14:fox-N3	fox-N2-3
Sgra	fox_OG14:fox-N3	fox-N2-3
Cgig	fox_OG14:fox-N3	fox-N2-3
Dpol	fox_OG14:fox-N3	fox-N2-3
Cflu	fox_OG14:fox-N3	fox-N2-3
Mgal	fox_OG14:fox-N3	fox-N2-3
Tgra	fox_OG14:fox-N3	fox-N2-3
Apur	fox_OG14:fox-N3	fox-N2-3
Cpli	fox_OG14:fox-N3	fox-N2-3
Pcan	fox_OG14:fox-N3	fox-N2-3
Pvir	fox_OG14:fox-N3	fox-N2-3
Mphi	fox_OG14:fox-N3	fox-N2-3
Hsap	fox_OG14:fox-N3	fox-N2-3
Pcor	fox_OG14:fox-N3	fox-N2-3
Obim	fox_OG14:fox-N3	fox-N2-3
Hruf	fox_OG14:fox-N3	fox-N2-3
Mner	fox_OG14:fox-N3	fox-N2-3
Pgen	fox_OG14:fox-N3	fox-N2-3
Mmar	fox_OG14:fox-N3	fox-N2-3
Airc	fox_OG14:fox-N3	fox-N2-3
Acal	fox_OG14:fox-N3	fox-N2-3
Medu	fox_OG14:fox-N3	fox-N2-3
Pyes	fox_OG14:fox-N3	fox-N2-3
Pcan	fox_OG15:NA	NA
Obim	fox_OG15:NA	NA
Mare	fox_OG15:NA	NA
Mcal	fox_OG15:NA	NA
Sglo	fox_OG15:NA	NA
Amar	fox_OG15:NA	NA
Gaeg	fox_OG15:NA	NA
Mcor	fox_OG15:NA	NA
Pcor	fox_OG15:NA	NA
Pcor	fox_OG15:NA	NA
Sbro	fox_OG15:NA	NA
Bgla	fox_OG15:NA	NA
Mgal	fox_OG15:NA	NA
Oedu	fox_OG15:NA	NA
Mmer	fox_OG15:NA	NA
Cari	fox_OG15:NA	NA
Pcor	fox_OG15:NA	NA
Medu	fox_OG15:NA	NA
Pmax	fox_OG15:NA	NA
Airc	fox_OG15:NA	NA
Sbro	fox_OG15:NA	NA
Cpli	fox_OG15:NA	NA
Acal	fox_OG15:NA	NA
Cvir	fox_OG15:NA	NA
Pstr	fox_OG15:NA	NA
Scon	fox_OG15:NA	NA
Dpol	fox_OG15:NA	NA
Cang	fox_OG15:NA	NA
Rphi	fox_OG15:NA	NA
Apur	fox_OG15:NA	NA
Mmar	fox_OG15:NA	NA
Mphi	fox_OG15:NA	NA
Cgig	fox_OG15:NA	NA
Hbia	fox_OG15:NA	NA
Dpol	fox_OG15:NA	NA
Pyes	fox_OG15:NA	NA
Csin	fox_OG15:NA	NA
Hruf	fox_OG15:NA	NA
Sbro	fox_OG16:NA	NA
Cvir	fox_OG16:NA	NA
Rphi	fox_OG16:NA	NA
Osin	fox_OG16:NA	NA
Scon	fox_OG16:NA	NA
Pyes	fox_OG16:NA	NA
Mcor	fox_OG16:NA	NA
Cgig	fox_OG16:NA	NA
Mgal	fox_OG16:NA	NA
Cari	fox_OG16:NA	NA
Oedu	fox_OG16:NA	NA
Rdec	fox_OG16:NA	NA
Pvir	fox_OG16:NA	NA
Cflu	fox_OG16:NA	NA
Tsqu	fox_OG16:NA	NA
Mare	fox_OG16:NA	NA
Obim	fox_OG16:NA	NA
Cang	fox_OG16:NA	NA
Mphi	fox_OG16:NA	NA
Medu	fox_OG16:NA	NA
Medu	fox_OG16:NA	NA
Gaeg	fox_OG16:NA	NA
Lorb	fox_OG16:NA	NA
Mmar	fox_OG16:NA	NA
Pstr	fox_OG16:NA	NA
Dpol	fox_OG16:NA	NA
Cpli	fox_OG16:NA	NA
Mmer	fox_OG16:NA	NA
Airc	fox_OG16:NA	NA
Hbia	fox_OG16:NA	NA
Apur	fox_OG16:NA	NA
Pmax	fox_OG16:NA	NA
Ppur	fox_OG16:NA	NA
Pmar	fox_OG16:NA	NA
Hruf	fox_OG16:NA	NA
Cvir	fox_OG16:NA	NA
Rphi	fox_OG16:NA	NA
Acal	fox_OG17:fox-R	fox-R
Hsap	fox_OG17:fox-R	fox-R
Hsap	fox_OG17:fox-R	fox-R
Hsap	fox_OG17:fox-R	fox-R
Sbro	fox_OG18:fox-N4	fox-N1-4
Mgal	fox_OG18:fox-N4	fox-N1-4
Tgra	fox_OG18:fox-N4	fox-N1-4
Pvir	fox_OG18:fox-N4	fox-N1-4
Mgal	fox_OG18:fox-N4	fox-N1-4
Sgra	fox_OG18:fox-N4	fox-N1-4
Hsap	fox_OG18:fox-N4	fox-N1-4
Mmar	fox_OG18:fox-N4	fox-N1-4
Mcal	fox_OG18:fox-N4	fox-N1-4
Rphi	fox_OG18:fox-N4	fox-N1-4
Ppur	fox_OG18:fox-N4	fox-N1-4
Poku	fox_OG18:fox-N4	fox-N1-4
Cgig	fox_OG18:fox-N4	fox-N1-4
Csin	fox_OG18:fox-N4	fox-N1-4
Tsqu	fox_OG18:fox-N4	fox-N1-4
Mcor	fox_OG18:fox-N4	fox-N1-4
Pcan	fox_OG18:fox-N4	fox-N1-4
Pcor	fox_OG18:fox-N4	fox-N1-4
Mphi	fox_OG18:fox-N4	fox-N1-4
Scon	fox_OG18:fox-N4	fox-N1-4
Pgen	fox_OG18:fox-N4	fox-N1-4
Sglo	fox_OG18:fox-N4	fox-N1-4
Bgla	fox_OG18:fox-N4	fox-N1-4
Pstr	fox_OG18:fox-N4	fox-N1-4
Mgal	fox_OG18:fox-N4	fox-N1-4
Hruf	fox_OG18:fox-N4	fox-N1-4
Mmod	fox_OG18:fox-N4	fox-N1-4
Gaeg	fox_OG18:fox-N4	fox-N1-4
Acal	fox_OG18:fox-N4	fox-N1-4
Rdec	fox_OG18:fox-N4	fox-N1-4
Pcor	fox_OG18:fox-N4	fox-N1-4
Cang	fox_OG18:fox-N4	fox-N1-4
Mchi	fox_OG18:fox-N4	fox-N1-4
Cvir	fox_OG18:fox-N4	fox-N1-4
Pmar	fox_OG18:fox-N4	fox-N1-4
Amar	fox_OG18:fox-N4	fox-N1-4
Pyes	fox_OG18:fox-N4	fox-N1-4
Mmer	fox_OG18:fox-N4	fox-N1-4
Oedu	fox_OG18:fox-N4	fox-N1-4
Dpol	fox_OG18:fox-N4	fox-N1-4
Pmax	fox_OG18:fox-N4	fox-N1-4
Airc	fox_OG18:fox-N4	fox-N1-4
Mare	fox_OG18:fox-N4	fox-N1-4
Osin	fox_OG18:fox-N4	fox-N1-4
Medu	fox_OG18:fox-N4	fox-N1-4
Apur	fox_OG18:fox-N4	fox-N1-4
Obim	fox_OG18:fox-N4	fox-N1-4
Apec	fox_OG18:fox-N4	fox-N1-4
Cpli	fox_OG18:fox-N4	fox-N1-4
Cari	fox_OG18:fox-N4	fox-N1-4
Hbia	fox_OG18:fox-N4	fox-N1-4
Dmel	fox_OG18:fox-N4	fox-N1-4
Mcor	fox_OG19:fkh-10/fox-Q2	fkh-10/fox-Q2
Airc	fox_OG19:fkh-10/fox-Q2	fkh-10/fox-Q2
Sglo	fox_OG19:fkh-10/fox-Q2	fkh-10/fox-Q2
Sbro	fox_OG19:fkh-10/fox-Q2	fkh-10/fox-Q2
Cari	fox_OG19:fkh-10/fox-Q2	fkh-10/fox-Q2
Pvir	fox_OG19:fkh-10/fox-Q2	fkh-10/fox-Q2
Cang	fox_OG19:fkh-10/fox-Q2	fkh-10/fox-Q2
Dmel	fox_OG19:fkh-10/fox-Q2	fkh-10/fox-Q2
Cvir	fox_OG19:fkh-10/fox-Q2	fkh-10/fox-Q2
Cgig	fox_OG19:fkh-10/fox-Q2	fkh-10/fox-Q2
Mcal	fox_OG19:fkh-10/fox-Q2	fkh-10/fox-Q2
Mgal	fox_OG19:fkh-10/fox-Q2	fkh-10/fox-Q2
Pmar	fox_OG19:fkh-10/fox-Q2	fkh-10/fox-Q2
Medu	fox_OG19:fkh-10/fox-Q2	fkh-10/fox-Q2
Cele	fox_OG19:fkh-10/fox-Q2	fkh-10/fox-Q2
Mphi	fox_OG19:fkh-10/fox-Q2	fkh-10/fox-Q2
Mchi	fox_OG19:fkh-10/fox-Q2	fkh-10/fox-Q2
Pmax	fox_OG19:fkh-10/fox-Q2	fkh-10/fox-Q2
Scon	fox_OG19:fkh-10/fox-Q2	fkh-10/fox-Q2
Pyes	fox_OG19:fkh-10/fox-Q2	fkh-10/fox-Q2
Mmar	fox_OG19:fkh-10/fox-Q2	fkh-10/fox-Q2
Pstr	fox_OG19:fkh-10/fox-Q2	fkh-10/fox-Q2
Amar	fox_OG19:fkh-10/fox-Q2	fkh-10/fox-Q2
Pcan	fox_OG19:fkh-10/fox-Q2	fkh-10/fox-Q2
Acal	fox_OG19:fkh-10/fox-Q2	fkh-10/fox-Q2
Obim	fox_OG19:fkh-10/fox-Q2	fkh-10/fox-Q2
Hruf	fox_OG19:fkh-10/fox-Q2	fkh-10/fox-Q2
Hbia	fox_OG19:fkh-10/fox-Q2	fkh-10/fox-Q2
Gaeg	fox_OG19:fkh-10/fox-Q2	fkh-10/fox-Q2
Pcor	fox_OG19:fkh-10/fox-Q2	fkh-10/fox-Q2
Rphi	fox_OG19:fkh-10/fox-Q2	fkh-10/fox-Q2
Mmer	fox_OG19:fkh-10/fox-Q2	fkh-10/fox-Q2
Bgla	fox_OG19:fkh-10/fox-Q2	fkh-10/fox-Q2
Apur	fox_OG19:fkh-10/fox-Q2	fkh-10/fox-Q2
Cpli	fox_OG19:fkh-10/fox-Q2	fkh-10/fox-Q2
Csin	fox_OG19:fkh-10/fox-Q2	fkh-10/fox-Q2
Scon	fox_OG19:fkh-10/fox-Q2	fkh-10/fox-Q2
Gaeg	fox_OG19:fkh-10/fox-Q2	fkh-10/fox-Q2
Dpol	fox_OG19:fkh-10/fox-Q2	fkh-10/fox-Q2
Mner	fox_OG19:fkh-10/fox-Q2	fkh-10/fox-Q2
Dmel	fox_OG20:fox-G	fkh-9/fox-G
Cele	fox_OG21:fkh-9	fkh-9/fox-G
Obim	fox_OG22:fox-G	fox-G
Csin	fox_OG22:fox-G	NA
Dpol	fox_OG22:fox-G	NA
Mner	fox_OG22:fox-G	NA
Sbro	fox_OG22:fox-G	fox-G
Dmel	fox_OG22:fox-G	fox-G
Acal	fox_OG22:fox-G	fox-G
Mphi	fox_OG22:fox-G	fox-G
Cvir	fox_OG22:fox-G	fox-G
Gaeg	fox_OG22:fox-G	fox-G
Pmax	fox_OG22:fox-G	fox-G
Sbro	fox_OG22:fox-G	fox-G
Mgal	fox_OG22:fox-G	fox-G
Cari	fox_OG22:fox-G	fox-G
Cang	fox_OG22:fox-G	fox-G
Amar	fox_OG22:fox-G	NA
Hsap	fox_OG22:fox-G	fox-G
Apur	fox_OG22:fox-G	fox-G
Poku	fox_OG22:fox-G	NA
Hbia	fox_OG22:fox-G	NA
Gaeg	fox_OG22:fox-G	fox-G
Mmar	fox_OG22:fox-G	NA
Mmer	fox_OG22:fox-G	NA
Dpol	fox_OG22:fox-G	NA
Rphi	fox_OG22:fox-G	NA
Acal	fox_OG22:fox-G	fox-G
Cpli	fox_OG22:fox-G	NA
Bgla	fox_OG22:fox-G	fox-G
Cflu	fox_OG22:fox-G	NA
Pvir	fox_OG22:fox-G	fox-G
Apec	fox_OG22:fox-G	fox-G
Hruf	fox_OG22:fox-G	fox-G
Pcor	fox_OG22:fox-G	fox-G
Medu	fox_OG22:fox-G	fox-G
Mcal	fox_OG22:fox-G	fox-G
Pcor	fox_OG22:fox-G	NA
Pmar	fox_OG22:fox-G	fox-G
Pcan	fox_OG22:fox-G	fox-G
Pgen	fox_OG22:fox-G	fox-G
Cgig	fox_OG22:fox-G	fox-G
Mcor	fox_OG22:fox-G	fox-G
Oedu	fox_OG22:fox-G	fox-G
Sglo	fox_OG22:fox-G	fox-G
Scon	fox_OG22:fox-G	NA
Mmod	fox_OG22:fox-G	fox-G
Pcan	fox_OG22:fox-G	fox-G
Dmel	fox_OG22:fox-G	fox-G
Pyes	fox_OG22:fox-G	fox-G
Hruf	fox_OG22:fox-G	fox-G
Sgra	fox_OG22:fox-G	NA
Pcan	fox_OG22:fox-G	fox-G
Pstr	fox_OG22:fox-G	NA
Cele	fox_OG22:fox-G	fox-G
Airc	fox_OG22:fox-G	fox-G
Hsap	fox_OG23:fox-I	fox-I
Hsap	fox_OG23:fox-I	fox-I
Hsap	fox_OG23:fox-I	fox-I
Amar	fox_OG24:NA	NA
Mcor	fox_OG24:NA	NA
Scon	fox_OG24:NA	NA
Gaeg	fox_OG24:NA	NA
Mare	fox_OG24:NA	NA
Mmer	fox_OG24:NA	NA
Rphi	fox_OG24:NA	NA
Dpol	fox_OG24:NA	NA
Medu	fox_OG24:NA	NA
Pyes	fox_OG24:NA	NA
Mgal	fox_OG24:NA	NA
Mphi	fox_OG24:NA	NA
Mphi	fox_OG24:NA	NA
Pmax	fox_OG24:NA	NA
Airc	fox_OG24:NA	NA
Gaeg	fox_OG25:NA	fox-L1
Dmel	fox_OG26:fox-L1	fox-L1
Gaeg	fox_OG27:NA	NA
Mare	fox_OG27:NA	NA
Gaeg	fox_OG27:NA	NA
Gaeg	fox_OG27:NA	NA
Mmer	fox_OG27:NA	NA
Mner	fox_OG27:NA	NA
Cpli	fox_OG27:NA	NA
Pstr	fox_OG27:NA	NA
Mmar	fox_OG27:NA	NA
Rphi	fox_OG27:NA	NA
Hbia	fox_OG27:NA	NA
Amar	fox_OG27:NA	NA
Rdec	fox_OG27:NA	NA
Dpol	fox_OG27:NA	NA
Tsqu	fox_OG27:NA	NA
Hruf	fox_OG28:NA	NA
Mgal	fox_OG28:NA	NA
Mcal	fox_OG28:NA	NA
Medu	fox_OG28:NA	NA
Mcor	fox_OG28:NA	NA
Mcor	fox_OG28:NA	NA
Pvir	fox_OG28:NA	NA
Medu	fox_OG28:NA	NA
Medu	fox_OG28:NA	NA
Rphi	fox_OG28:NA	NA
Scon	fox_OG28:NA	NA
Cang	fox_OG28:NA	NA
Dpol	fox_OG28:NA	NA
Mgal	fox_OG28:NA	NA
Mare	fox_OG28:NA	NA
Mgal	fox_OG28:NA	NA
Cgig	fox_OG28:NA	NA
Pmax	fox_OG28:NA	NA
Medu	fox_OG28:NA	NA
Mare	fox_OG28:NA	NA
Mcor	fox_OG28:NA	NA
Mgal	fox_OG28:NA	NA
Medu	fox_OG28:NA	NA
Medu	fox_OG28:NA	NA
Mmer	fox_OG28:NA	NA
Mgal	fox_OG28:NA	NA
Medu	fox_OG28:NA	NA
Mphi	fox_OG28:NA	NA
Cvir	fox_OG28:NA	NA
Dpol	fox_OG28:NA	NA
Pmar	fox_OG28:NA	NA
Oedu	fox_OG28:NA	NA
Mcor	fox_OG28:NA	NA
Mgal	fox_OG28:NA	NA
Airc	fox_OG28:NA	NA
Sglo	fox_OG28:NA	NA
Mare	fox_OG28:NA	NA
Mgal	fox_OG28:NA	NA
Medu	fox_OG28:NA	NA
Mgal	fox_OG28:NA	NA
Dpol	fox_OG28:NA	NA
Medu	fox_OG28:NA	NA
Mcor	fox_OG28:NA	NA
Mmod	fox_OG28:NA	NA
Pyes	fox_OG28:NA	NA
Mcor	fox_OG28:NA	NA
Cari	fox_OG28:NA	NA
Mcor	fox_OG28:NA	NA
Mcor	fox_OG28:NA	NA
Medu	fox_OG28:NA	NA
Medu	fox_OG28:NA	NA
Mcor	fox_OG28:NA	NA
Mare	fox_OG28:NA	NA
Mgal	fox_OG28:NA	NA
Medu	fox_OG28:NA	NA
Mcor	fox_OG28:NA	NA
Apur	fox_OG28:NA	NA
Medu	fox_OG28:NA	NA
Sbro	fox_OG28:NA	NA
Mcal	fox_OG28:NA	NA
Pmax	fox_OG28:NA	NA
Amar	fox_OG28:NA	NA
Medu	fox_OG28:NA	NA
Apur	fox_OG28:NA	NA
Mcor	fox_OG28:NA	NA
Csin	fox_OG28:NA	NA
Medu	fox_OG28:NA	NA
Medu	fox_OG28:NA	NA
Cele	fox_OG29:fkh-6/fox-L2	fkh-6/fox-L2
Pcor	fox_OG29:fkh-6/fox-L2	fkh-6/fox-L2
Pmar	fox_OG29:fkh-6/fox-L2	fkh-6/fox-L2
Hruf	fox_OG29:fkh-6/fox-L2	fkh-6/fox-L2
Medu	fox_OG29:fkh-6/fox-L2	fkh-6/fox-L2
Pgen	fox_OG29:fkh-6/fox-L2	fkh-6/fox-L2
Airc	fox_OG29:fkh-6/fox-L2	fkh-6/fox-L2
Tsqu	fox_OG29:fkh-6/fox-L2	fkh-6/fox-L2
Lorb	fox_OG29:fkh-6/fox-L2	fkh-6/fox-L2
Apur	fox_OG29:fkh-6/fox-L2	fkh-6/fox-L2
Pcan	fox_OG29:fkh-6/fox-L2	fkh-6/fox-L2
Sglo	fox_OG29:fkh-6/fox-L2	fkh-6/fox-L2
Obim	fox_OG29:fkh-6/fox-L2	fkh-6/fox-L2
Hsap	fox_OG29:fkh-6/fox-L2	fkh-6/fox-L2
Mmar	fox_OG29:fkh-6/fox-L2	fkh-6/fox-L2
Dpol	fox_OG29:fkh-6/fox-L2	fkh-6/fox-L2
Scon	fox_OG29:fkh-6/fox-L2	fkh-6/fox-L2
Mner	fox_OG29:fkh-6/fox-L2	fkh-6/fox-L2
Sbro	fox_OG29:fkh-6/fox-L2	fkh-6/fox-L2
Mgal	fox_OG29:fkh-6/fox-L2	fkh-6/fox-L2
Cgig	fox_OG29:fkh-6/fox-L2	fkh-6/fox-L2
Cpli	fox_OG29:fkh-6/fox-L2	fkh-6/fox-L2
Bgla	fox_OG29:fkh-6/fox-L2	fkh-6/fox-L2
Mare	fox_OG29:fkh-6/fox-L2	fkh-6/fox-L2
Mcor	fox_OG29:fkh-6/fox-L2	fkh-6/fox-L2
Mmer	fox_OG29:fkh-6/fox-L2	fkh-6/fox-L2
Amar	fox_OG29:fkh-6/fox-L2	fkh-6/fox-L2
Cflu	fox_OG29:fkh-6/fox-L2	fkh-6/fox-L2
Hbia	fox_OG29:fkh-6/fox-L2	fkh-6/fox-L2
Rdec	fox_OG29:fkh-6/fox-L2	fkh-6/fox-L2
Pvir	fox_OG29:fkh-6/fox-L2	fkh-6/fox-L2
Oedu	fox_OG29:fkh-6/fox-L2	fkh-6/fox-L2
Pyes	fox_OG29:fkh-6/fox-L2	fkh-6/fox-L2
Pstr	fox_OG29:fkh-6/fox-L2	fkh-6/fox-L2
Rphi	fox_OG29:fkh-6/fox-L2	fkh-6/fox-L2
Csin	fox_OG29:fkh-6/fox-L2	fkh-6/fox-L2
Mmod	fox_OG29:fkh-6/fox-L2	fkh-6/fox-L2
Mgal	fox_OG29:fkh-6/fox-L2	fkh-6/fox-L2
Cang	fox_OG29:fkh-6/fox-L2	fkh-6/fox-L2
Gaeg	fox_OG29:fkh-6/fox-L2	fkh-6/fox-L2
Acal	fox_OG29:fkh-6/fox-L2	fkh-6/fox-L2
Pmax	fox_OG29:fkh-6/fox-L2	fkh-6/fox-L2
Cvir	fox_OG29:fkh-6/fox-L2	fkh-6/fox-L2
Cvir	fox_OG29:fkh-6/fox-L2	fkh-6/fox-L2
Mphi	fox_OG29:fkh-6/fox-L2	fkh-6/fox-L2
Cari	fox_OG29:fkh-6/fox-L2	fkh-6/fox-L2
Sbro	fox_OG29:fkh-6/fox-L2	fkh-6/fox-L2
Mcal	fox_OG29:fkh-6/fox-L2	fkh-6/fox-L2
Hsap	fox_OG30:fkh-3/fox-L1	fkh-3/fox-L1
Oedu	fox_OG30:fkh-3/fox-L1	fkh-3/fox-L1
Pmar	fox_OG30:fkh-3/fox-L1	fkh-3/fox-L1
Hbia	fox_OG30:fkh-3/fox-L1	fkh-3/fox-L1
Cpli	fox_OG30:fkh-3/fox-L1	fkh-3/fox-L1
Mcal	fox_OG30:fkh-3/fox-L1	fkh-3/fox-L1
Ppur	fox_OG30:fkh-3/fox-L1	fkh-3/fox-L1
Pmax	fox_OG30:fkh-3/fox-L1	fkh-3/fox-L1
Mmer	fox_OG30:fkh-3/fox-L1	fkh-3/fox-L1
Dpol	fox_OG30:fkh-3/fox-L1	fkh-3/fox-L1
Mare	fox_OG30:fkh-3/fox-L1	fkh-3/fox-L1
Lorb	fox_OG30:fkh-3/fox-L1	fkh-3/fox-L1
Pstr	fox_OG30:fkh-3/fox-L1	fkh-3/fox-L1
Cari	fox_OG30:fkh-3/fox-L1	fkh-3/fox-L1
Medu	fox_OG30:fkh-3/fox-L1	fkh-3/fox-L1
Cele	fox_OG30:fkh-3/fox-L1	fkh-3/fox-L1
Acal	fox_OG30:fkh-3/fox-L1	fkh-3/fox-L1
Mphi	fox_OG30:fkh-3/fox-L1	fkh-3/fox-L1
Pvir	fox_OG30:fkh-3/fox-L1	fkh-3/fox-L1
Sbro	fox_OG30:fkh-3/fox-L1	fkh-3/fox-L1
Apec	fox_OG30:fkh-3/fox-L1	fkh-3/fox-L1
Cgig	fox_OG30:fkh-3/fox-L1	fkh-3/fox-L1
Pcor	fox_OG30:fkh-3/fox-L1	fkh-3/fox-L1
Gaeg	fox_OG30:fkh-3/fox-L1	fkh-3/fox-L1
Csin	fox_OG30:fkh-3/fox-L1	fkh-3/fox-L1
Obim	fox_OG30:fkh-3/fox-L1	fkh-3/fox-L1
Cang	fox_OG30:fkh-3/fox-L1	fkh-3/fox-L1
Apur	fox_OG30:fkh-3/fox-L1	fkh-3/fox-L1
Hruf	fox_OG30:fkh-3/fox-L1	fkh-3/fox-L1
Airc	fox_OG30:fkh-3/fox-L1	fkh-3/fox-L1
Mare	fox_OG30:fkh-3/fox-L1	fkh-3/fox-L1
Mmod	fox_OG30:fkh-3/fox-L1	fkh-3/fox-L1
Mner	fox_OG30:fkh-3/fox-L1	fkh-3/fox-L1
Scon	fox_OG30:fkh-3/fox-L1	fkh-3/fox-L1
Mgal	fox_OG30:fkh-3/fox-L1	fkh-3/fox-L1
Mgal	fox_OG30:fkh-3/fox-L1	fkh-3/fox-L1
Pcan	fox_OG30:fkh-3/fox-L1	fkh-3/fox-L1
Mcor	fox_OG30:fkh-3/fox-L1	fkh-3/fox-L1
Pyes	fox_OG30:fkh-3/fox-L1	fkh-3/fox-L1
Bgla	fox_OG30:fkh-3/fox-L1	fkh-3/fox-L1
Sglo	fox_OG30:fkh-3/fox-L1	fkh-3/fox-L1
Amar	fox_OG30:fkh-3/fox-L1	fkh-3/fox-L1
Rphi	fox_OG30:fkh-3/fox-L1	fkh-3/fox-L1
Pcor	fox_OG30:fkh-3/fox-L1	fkh-3/fox-L1
Mmar	fox_OG30:fkh-3/fox-L1	fkh-3/fox-L1
Cvir	fox_OG30:fkh-3/fox-L1	fkh-3/fox-L1
Hsap	fox_OG31:fox-C	fox-C
Mmer	fox_OG31:fox-C	fox-C
Hsap	fox_OG31:fox-C	fox-C
Cang	fox_OG31:fox-C	fox-C
Pyes	fox_OG31:fox-C	fox-C
Amar	fox_OG31:fox-C	fox-C
Medu	fox_OG31:fox-C	fox-C
Sbro	fox_OG31:fox-C	fox-C
Oedu	fox_OG31:fox-C	fox-C
Cflu	fox_OG31:fox-C	fox-C
Tgra	fox_OG31:fox-C	fox-C
Hbia	fox_OG31:fox-C	fox-C
Mgal	fox_OG31:fox-C	fox-C
Csin	fox_OG31:fox-C	fox-C
Pmax	fox_OG31:fox-C	fox-C
Cvir	fox_OG31:fox-C	fox-C
Acal	fox_OG31:fox-C	fox-C
Pcan	fox_OG31:fox-C	fox-C
Obim	fox_OG31:fox-C	fox-C
Pcor	fox_OG31:fox-C	fox-C
Cari	fox_OG31:fox-C	fox-C
Apur	fox_OG31:fox-C	fox-C
Hruf	fox_OG31:fox-C	fox-C
Sglo	fox_OG31:fox-C	fox-C
Dpol	fox_OG31:fox-C	fox-C
Mmar	fox_OG31:fox-C	fox-C
Rphi	fox_OG31:fox-C	fox-C
Cpli	fox_OG31:fox-C	fox-C
Scon	fox_OG31:fox-C	fox-C
Gaeg	fox_OG31:fox-C	fox-C
Mchi	fox_OG31:fox-C	fox-C
Dmel	fox_OG31:fox-C	fox-C
Pvir	fox_OG31:fox-C	fox-C
Mcor	fox_OG31:fox-C	fox-C
Pcor	fox_OG31:fox-C	fox-C
Mphi	fox_OG31:fox-C	fox-C
Airc	fox_OG31:fox-C	fox-C
Cgig	fox_OG31:fox-C	fox-C
Mner	fox_OG31:fox-C	fox-C
Bgla	fox_OG31:fox-C	fox-C
Csin	fox_OG31:fox-C	fox-C
Mare	fox_OG31:fox-C	fox-C
Mcal	fox_OG31:fox-C	fox-C
Pstr	fox_OG31:fox-C	fox-C
Osin	fox_OG31:fox-C	fox-C
Hsap	fox_OG32:fox-E	fox-E
Apur	fox_OG32:fox-E	fox-E
Hsap	fox_OG32:fox-E	fox-E
Mner	fox_OG32:fox-E	fox-E
Mmer	fox_OG32:fox-E	fox-E
Pyes	fox_OG32:fox-E	fox-E
Cgig	fox_OG32:fox-E	fox-E
Medu	fox_OG32:fox-E	fox-E
Airc	fox_OG32:fox-E	fox-E
Medu	fox_OG32:fox-E	fox-E
Hbia	fox_OG32:fox-E	fox-E
Pvir	fox_OG32:fox-E	fox-E
Mgal	fox_OG32:fox-E	fox-E
Cflu	fox_OG32:fox-E	fox-E
Pmax	fox_OG32:fox-E	fox-E
Hruf	fox_OG32:fox-E	fox-E
Cang	fox_OG32:fox-E	fox-E
Oedu	fox_OG32:fox-E	fox-E
Mmod	fox_OG32:fox-E	fox-E
Rphi	fox_OG32:fox-E	fox-E
Cari	fox_OG32:fox-E	fox-E
Mcal	fox_OG32:fox-E	fox-E
Mare	fox_OG32:fox-E	fox-E
Cvir	fox_OG32:fox-E	fox-E
Mmar	fox_OG32:fox-E	fox-E
Sglo	fox_OG32:fox-E	fox-E
Mcor	fox_OG32:fox-E	fox-E
Mphi	fox_OG32:fox-E	fox-E
Rdec	fox_OG32:fox-E	fox-E
Pstr	fox_OG32:fox-E	fox-E
Medu	fox_OG32:fox-E	fox-E
Dpol	fox_OG32:fox-E	fox-E
Pmar	fox_OG32:fox-E	fox-E
Sbro	fox_OG32:fox-E	fox-E
Amar	fox_OG32:fox-E	fox-E
Cele	fox_OG33:fox-D	fox-D
Pstr	fox_OG33:fox-D	fox-D
Csin	fox_OG33:fox-D	fox-D
Mcor	fox_OG33:fox-D	fox-D
Mmer	fox_OG33:fox-D	fox-D
Mcal	fox_OG33:fox-D	fox-D
Medu	fox_OG33:fox-D	fox-D
Cvir	fox_OG33:fox-D	fox-D
Bgla	fox_OG33:fox-D	fox-D
Oedu	fox_OG33:fox-D	fox-D
Hsap	fox_OG33:fox-D	fox-D
Sglo	fox_OG33:fox-D	fox-D
Dpol	fox_OG33:fox-D	fox-D
Mgal	fox_OG33:fox-D	fox-D
Apur	fox_OG33:fox-D	fox-D
Pmax	fox_OG33:fox-D	fox-D
Medu	fox_OG33:fox-D	fox-D
Hruf	fox_OG33:fox-D	fox-D
Cgig	fox_OG33:fox-D	fox-D
Pcan	fox_OG33:fox-D	fox-D
Medu	fox_OG33:fox-D	fox-D
Airc	fox_OG33:fox-D	fox-D
Mare	fox_OG33:fox-D	fox-D
Dpol	fox_OG33:fox-D	fox-D
Apec	fox_OG33:fox-D	fox-D
Hsap	fox_OG33:fox-D	fox-D
Hsap	fox_OG33:fox-D	fox-D
Mphi	fox_OG33:fox-D	fox-D
Cang	fox_OG33:fox-D	fox-D
Hbia	fox_OG33:fox-D	fox-D
Mcal	fox_OG33:fox-D	fox-D
Sbro	fox_OG33:fox-D	fox-D
Pvir	fox_OG33:fox-D	fox-D
Tgra	fox_OG33:fox-D	fox-D
Cpli	fox_OG33:fox-D	fox-D
Pcor	fox_OG33:fox-D	fox-D
Obim	fox_OG33:fox-D	fox-D
Hsap	fox_OG33:fox-D	fox-D
Hsap	fox_OG33:fox-D	fox-D
Pyes	fox_OG33:fox-D	fox-D
Pmar	fox_OG33:fox-D	fox-D
Hsap	fox_OG33:fox-D	fox-D
Rphi	fox_OG33:fox-D	fox-D
Lorb	fox_OG33:fox-D	fox-D
Mner	fox_OG33:fox-D	fox-D
Scon	fox_OG33:fox-D	fox-D
Dmel	fox_OG33:fox-D	fox-D
Gaeg	fox_OG33:fox-D	fox-D
Hsap	fox_OG33:fox-D	fox-D
Mgal	fox_OG33:fox-D	fox-D
Mcor	fox_OG33:fox-D	fox-D
Hsap	fox_OG33:fox-D	fox-D
Mare	fox_OG33:fox-D	fox-D
Pvir	fox_OG33:fox-D	fox-D
Cari	fox_OG33:fox-D	fox-D
Hsap	fox_OG33:fox-D	fox-D
Amar	fox_OG33:fox-D	fox-D
Mphi	fox_OG33:fox-D	fox-D
Mmar	fox_OG33:fox-D	fox-D
Acal	fox_OG33:fox-D	fox-D
Pcor	fox_OG34:fox-F	fox-F
Dmel	fox_OG34:fox-F	fox-F
Cele	fox_OG34:fox-F	fox-F
Hsap	fox_OG35:fox-F	fox-F
Amar	fox_OG35:fox-F	fox-F
Hsap	fox_OG35:fox-F	fox-F
Rphi	fox_OG35:fox-F	fox-F
Apur	fox_OG35:fox-F	fox-F
Sglo	fox_OG35:fox-F	fox-F
Hbia	fox_OG35:fox-F	fox-F
Pmax	fox_OG35:fox-F	fox-F
Pcan	fox_OG35:fox-F	fox-F
Cvir	fox_OG35:fox-F	fox-F
Pyes	fox_OG35:fox-F	fox-F
Gaeg	fox_OG35:fox-F	fox-F
Pcor	fox_OG35:fox-F	fox-F
Mare	fox_OG35:fox-F	fox-F
Pmar	fox_OG35:fox-F	fox-F
Amar	fox_OG35:fox-F	fox-F
Mmer	fox_OG35:fox-F	fox-F
Mner	fox_OG35:fox-F	fox-F
Mgal	fox_OG35:fox-F	fox-F
Hruf	fox_OG35:fox-F	fox-F
Medu	fox_OG35:fox-F	fox-F
Scon	fox_OG35:fox-F	fox-F
Acal	fox_OG35:fox-F	fox-F
Mcal	fox_OG35:fox-F	fox-F
Mmar	fox_OG35:fox-F	fox-F
Airc	fox_OG35:fox-F	fox-F
Pstr	fox_OG35:fox-F	fox-F
Scon	fox_OG35:fox-F	fox-F
Cari	fox_OG35:fox-F	fox-F
Mmod	fox_OG35:fox-F	fox-F
Cpli	fox_OG35:fox-F	fox-F
Csin	fox_OG35:fox-F	fox-F
Tgra	fox_OG35:fox-F	fox-F
Sbro	fox_OG35:fox-F	fox-F
Oedu	fox_OG35:fox-F	fox-F
Dpol	fox_OG35:fox-F	fox-F
Mphi	fox_OG35:fox-F	fox-F
Cgig	fox_OG35:fox-F	fox-F
Mcor	fox_OG35:fox-F	fox-F
Cang	fox_OG35:fox-F	fox-F
Apec	fox_OG35:fox-F	fox-F
Obim	fox_OG35:fox-F	fox-F
Pvir	fox_OG35:fox-F	fox-F
Bgla	fox_OG35:fox-F	fox-F
Tsqu	fox_OG35:fox-F	fox-F
Sglo	fox_OG36:NA	NA
Cgig	fox_OG36:NA	NA
Cari	fox_OG36:NA	NA
Cari	fox_OG36:NA	NA
Cvir	fox_OG36:NA	NA
Cang	fox_OG36:NA	NA
Cang	fox_OG36:NA	NA
Cang	fox_OG36:NA	NA
Cgig	fox_OG36:NA	NA
Cvir	fox_OG36:NA	NA
Oedu	fox_OG36:NA	NA
Pcan	fox_OG37:fox-H	fox-H
Mmer	fox_OG37:fox-H	fox-H
Hsap	fox_OG37:fox-H	fox-H
Medu	fox_OG37:fox-H	fox-H
Csin	fox_OG37:fox-H	fox-H
Mphi	fox_OG37:fox-H	fox-H
Mmer	fox_OG37:fox-H	fox-H
Cari	fox_OG37:fox-H	fox-H
Pcor	fox_OG37:fox-H	fox-H
Pvir	fox_OG37:fox-H	fox-H
Hruf	fox_OG37:fox-H	fox-H
Pstr	fox_OG37:fox-H	fox-H
Rphi	fox_OG37:fox-H	fox-H
Mphi	fox_OG37:fox-H	fox-H
Airc	fox_OG37:fox-H	fox-H
Amar	fox_OG37:fox-H	fox-H
Mcor	fox_OG37:fox-H	fox-H
Mgal	fox_OG37:fox-H	fox-H
Pmax	fox_OG37:fox-H	fox-H
Medu	fox_OG37:fox-H	fox-H
Mcor	fox_OG37:fox-H	fox-H
Mcor	fox_OG37:fox-H	fox-H
Cgig	fox_OG37:fox-H	fox-H
Cang	fox_OG37:fox-H	fox-H
Oedu	fox_OG37:fox-H	fox-H
Mcor	fox_OG37:fox-H	fox-H
Medu	fox_OG37:fox-H	fox-H
Scon	fox_OG37:fox-H	fox-H
Cvir	fox_OG37:fox-H	fox-H
Airc	fox_OG37:fox-H	fox-H
Rphi	fox_OG37:fox-H	fox-H
Mgal	fox_OG37:fox-H	fox-H
Pvir	fox_OG37:fox-H	fox-H
Hbia	fox_OG37:fox-H	fox-H
Mmer	fox_OG37:fox-H	fox-H
Mner	fox_OG37:fox-H	fox-H
Cflu	fox_OG37:fox-H	fox-H
Amar	fox_OG37:fox-H	fox-H
Sbro	fox_OG37:fox-H	fox-H
Mmar	fox_OG37:fox-H	fox-H
Medu	fox_OG37:fox-H	fox-H
Sglo	fox_OG37:fox-H	fox-H
Sbro	fox_OG37:fox-H	fox-H
Mgal	fox_OG37:fox-H	fox-H
Rphi	fox_OG37:fox-H	fox-H
Hruf	fox_OG37:fox-H	fox-H
Scon	fox_OG37:fox-H	fox-H
Pvir	fox_OG38:NA	NA
Mphi	fox_OG38:NA	NA
Mcal	fox_OG38:NA	NA
Medu	fox_OG38:NA	NA
Mgal	fox_OG38:NA	NA
Pcan	fox_OG39:NA	NA
Pmax	fox_OG39:NA	NA
Hruf	fox_OG39:NA	NA
Hruf	fox_OG39:NA	NA
Cgig	fox_OG39:NA	NA
Apur	fox_OG39:NA	NA
Hruf	fox_OG39:NA	NA
Cvir	fox_OG39:NA	NA
Mcal	fox_OG39:NA	NA
Pvir	fox_OG39:NA	NA
Hruf	fox_OG39:NA	NA
Cang	fox_OG39:NA	NA
Acal	fox_OG39:NA	NA
Mmar	fox_OG39:NA	NA
Mcor	fox_OG39:NA	NA
Hruf	fox_OG39:NA	NA
Mmer	fox_OG39:NA	NA
Pstr	fox_OG39:NA	NA
Mare	fox_OG39:NA	NA
Medu	fox_OG39:NA	NA
Mgal	fox_OG39:NA	NA
Scon	fox_OG39:NA	NA
Mphi	fox_OG39:NA	NA
Dpol	fox_OG39:NA	NA
Hruf	fox_OG39:NA	NA
Airc	fox_OG39:NA	NA
Sglo	fox_OG39:NA	NA
Rphi	fox_OG39:NA	NA
Hruf	fox_OG39:NA	NA
Amar	fox_OG39:NA	NA
Oedu	fox_OG39:NA	NA
Pyes	fox_OG39:NA	NA
Hruf	fox_OG39:NA	NA
Pstr	fox_OG39:NA	NA
Bgla	fox_OG39:NA	NA
Tgra	fox_OG39:NA	NA
Hbia	fox_OG39:NA	NA
Cari	fox_OG39:NA	NA
Cvir	fox_OG39:NA	NA
Hruf	fox_OG39:NA	NA
Sbro	fox_OG39:NA	NA
Hruf	fox_OG39:NA	NA
Gaeg	fox_OG39:NA	NA
Hsap	fox_OG40:fox-B	fox-B
Dpol	fox_OG40:fox-B	fox-B
Hsap	fox_OG40:fox-B	fox-B
Dmel	fox_OG40:fox-B	fox-B
Mmar	fox_OG40:fox-B	fox-B
Airc	fox_OG40:fox-B	fox-B
Dpol	fox_OG40:fox-B	fox-B
Scon	fox_OG40:fox-B	fox-B
Osin	fox_OG40:fox-B	fox-B
Cari	fox_OG40:fox-B	fox-B
Dmel	fox_OG40:fox-B	fox-B
Apur	fox_OG40:fox-B	fox-B
Mgal	fox_OG40:fox-B	fox-B
Cang	fox_OG40:fox-B	fox-B
Bgla	fox_OG40:fox-B	fox-B
Mcor	fox_OG40:fox-B	fox-B
Pmax	fox_OG40:fox-B	fox-B
Mcal	fox_OG40:fox-B	fox-B
Pcor	fox_OG40:fox-B	fox-B
Csin	fox_OG40:fox-B	fox-B
Mner	fox_OG40:fox-B	fox-B
Cvir	fox_OG40:fox-B	fox-B
Cele	fox_OG40:fox-B	fox-B
Oedu	fox_OG40:fox-B	fox-B
Sglo	fox_OG40:fox-B	fox-B
Pyes	fox_OG40:fox-B	fox-B
Tgra	fox_OG40:fox-B	fox-B
Cgig	fox_OG40:fox-B	fox-B
Dpol	fox_OG40:fox-B	fox-B
Gaeg	fox_OG40:fox-B	fox-B
Medu	fox_OG40:fox-B	fox-B
Rphi	fox_OG40:fox-B	fox-B
Obim	fox_OG40:fox-B	fox-B
Pcor	fox_OG40:fox-B	fox-B
Hruf	fox_OG40:fox-B	fox-B
Acal	fox_OG40:fox-B	fox-B
Mphi	fox_OG40:fox-B	fox-B
Pstr	fox_OG40:fox-B	fox-B
Mare	fox_OG40:fox-B	fox-B
Pvir	fox_OG40:fox-B	fox-B
Pcan	fox_OG40:fox-B	fox-B
Mmer	fox_OG40:fox-B	fox-B
Hbia	fox_OG40:fox-B	fox-B
Lorb	fox_OG40:fox-B	fox-B
Cflu	fox_OG40:fox-B	fox-B
Bgla	fox_OG41:fox-A	fox-A
Pgen	fox_OG41:fox-A	fox-A
Acal	fox_OG41:fox-A	fox-A
Mcal	fox_OG41:fox-A	fox-A
Csin	fox_OG41:fox-A	fox-A
Hsap	fox_OG41:fox-A	fox-A
Pmar	fox_OG41:fox-A	fox-A
Pcan	fox_OG41:fox-A	fox-A
Pvir	fox_OG41:fox-A	fox-A
Mare	fox_OG41:fox-A	fox-A
Sgra	fox_OG41:fox-A	fox-A
Dmel	fox_OG41:fox-A	fox-A
Medu	fox_OG41:fox-A	fox-A
Cele	fox_OG41:fox-A	fox-A
Scon	fox_OG41:fox-A	fox-A
Cpli	fox_OG41:fox-A	fox-A
Mphi	fox_OG41:fox-A	fox-A
Cvir	fox_OG41:fox-A	fox-A
Mmer	fox_OG41:fox-A	fox-A
Mcor	fox_OG41:fox-A	fox-A
Pmax	fox_OG41:fox-A	fox-A
Airc	fox_OG41:fox-A	fox-A
Pstr	fox_OG41:fox-A	fox-A
Cvir	fox_OG41:fox-A	fox-A
Cang	fox_OG41:fox-A	fox-A
Cflu	fox_OG41:fox-A	fox-A
Apur	fox_OG41:fox-A	fox-A
Hbia	fox_OG41:fox-A	fox-A
Gaeg	fox_OG41:fox-A	fox-A
Hsap	fox_OG41:fox-A	fox-A
Mchi	fox_OG41:fox-A	fox-A
Pyes	fox_OG41:fox-A	fox-A
Sbro	fox_OG41:fox-A	fox-A
Mner	fox_OG41:fox-A	fox-A
Hruf	fox_OG41:fox-A	fox-A
Mmod	fox_OG41:fox-A	fox-A
Mgal	fox_OG41:fox-A	fox-A
Pcor	fox_OG41:fox-A	fox-A
Csin	fox_OG41:fox-A	fox-A
Obim	fox_OG41:fox-A	fox-A
Oedu	fox_OG41:fox-A	fox-A
Amar	fox_OG41:fox-A	fox-A
Sglo	fox_OG41:fox-A	fox-A
Mmar	fox_OG41:fox-A	fox-A
Dpol	fox_OG41:fox-A	fox-A
Apec	fox_OG41:fox-A	fox-A
Cari	fox_OG41:fox-A	fox-A
Hsap	fox_OG41:fox-A	fox-A
Rphi	fox_OG41:fox-A	fox-A
Cgig	fox_OG41:fox-A	fox-A
Hsap	fox_OG42:fox-M	fox-M
Hsap	fox_OG43:fox-P	fox-P
Pcor	fox_OG44:NA	NA
Hsap	fox_OG45:fox-P	fox-P
Gaeg	fox_OG46:NA	NA
Hsap	fox_OG47:fox-L3	fox-L3
Hsap	fox_OG48:fox-S	fox-S
Hsap	fox_OG49:fox-Q1	fox-Q1
Acal	sox_OG0:NA	NA
Cgig	sox_OG0:NA	NA
Pcan	sox_OG0:NA	NA
Sglo	sox_OG0:NA	NA
Hbia	sox_OG0:NA	NA
Cang	sox_OG0:NA	NA
Tsqu	sox_OG0:NA	NA
Oedu	sox_OG0:NA	NA
Cari	sox_OG0:NA	NA
Medu	sox_OG0:NA	NA
Dpol	sox_OG0:NA	NA
Cvir	sox_OG0:NA	NA
Osin	sox_OG1:NA	NA
Apec	sox_OG1:NA	NA
Obim	sox_OG1:NA	NA
Pmax	sox_OG1:NA	NA
Mcor	sox_OG1:NA	NA
Pmar	sox_OG1:NA	NA
Cvir	sox_OG1:NA	NA
Gaeg	sox_OG1:NA	NA
Cari	sox_OG1:NA	NA
Sbro	sox_OG1:NA	NA
Mmod	sox_OG1:NA	NA
Mgal	sox_OG1:NA	NA
Pyes	sox_OG1:NA	NA
Ppur	sox_OG1:NA	NA
Sglo	sox_OG1:NA	NA
Cgig	sox_OG1:NA	NA
Hruf	sox_OG1:NA	NA
Apur	sox_OG1:NA	NA
Cang	sox_OG1:NA	NA
Oedu	sox_OG1:NA	NA
Acal	sox_OG2:NA	sox-H
Dpol	sox_OG3:sox-H	sox-H
Cang	sox_OG3:sox-H	sox-H
Csin	sox_OG3:sox-H	sox-H
Mcor	sox_OG3:sox-H	sox-H
Poku	sox_OG3:sox-H	sox-H
Cpli	sox_OG3:sox-H	sox-H
Pmax	sox_OG3:sox-H	sox-H
Mmer	sox_OG3:sox-H	sox-H
Amar	sox_OG3:sox-H	sox-H
Hbia	sox_OG3:sox-H	sox-H
Gaeg	sox_OG3:sox-H	sox-H
Tsqu	sox_OG3:sox-H	sox-H
Apur	sox_OG3:sox-H	sox-H
Mmar	sox_OG3:sox-H	sox-H
Rdec	sox_OG3:sox-H	sox-H
Mgal	sox_OG3:sox-H	sox-H
Pvir	sox_OG3:sox-H	sox-H
Obim	sox_OG3:sox-H	NA
Cvir	sox_OG3:sox-H	sox-H
Medu	sox_OG3:sox-H	sox-H
Oedu	sox_OG3:sox-H	sox-H
Hsap	sox_OG3:sox-H	sox-H
Gaeg	sox_OG3:sox-H	NA
Mphi	sox_OG3:sox-H	sox-H
Rphi	sox_OG3:sox-H	sox-H
Pyes	sox_OG3:sox-H	sox-H
Hruf	sox_OG3:sox-H	NA
Cgig	sox_OG3:sox-H	sox-H
Mcal	sox_OG3:sox-H	sox-H
Ppur	sox_OG3:sox-H	sox-H
Mgal	sox_OG3:sox-H	sox-H
Scon	sox_OG3:sox-H	sox-H
Mphi	sox_OG3:sox-H	sox-H
Sglo	sox_OG3:sox-H	sox-H
Mner	sox_OG3:sox-H	sox-H
Pstr	sox_OG3:sox-H	sox-H
Pmar	sox_OG3:sox-H	sox-H
Apec	sox_OG3:sox-H	sox-H
Airc	sox_OG3:sox-H	sox-H
Cari	sox_OG3:sox-H	sox-H
Osin	sox_OG3:sox-H	NA
Pcor	sox_OG3:sox-H	sox-H
Bgla	sox_OG4:NA	sox-H
Bgla	sox_OG5:NA	sox-H
Acal	sox_OG6:NA	sox-H
Apec	sox_OG7:NA	NA
Hruf	sox_OG7:NA	NA
Pcor	sox_OG7:NA	NA
Pcor	sox_OG7:NA	NA
Hbia	sox_OG7:NA	NA
Osin	sox_OG8:NA	NA
Osin	sox_OG9:NA	NA
Hsap	sox_OG10:sox-D	sox-D
Cvir	sox_OG10:sox-D	sox-D
Hsap	sox_OG10:sox-D	sox-D
Dmel	sox_OG10:sox-D	sox-D
Cele	sox_OG10:sox-D	sox-D
Hsap	sox_OG10:sox-D	sox-D
Mcor	sox_OG10:sox-D	sox-D
Tsqu	sox_OG10:sox-D	sox-D
Cgig	sox_OG10:sox-D	sox-D
Hruf	sox_OG10:sox-D	sox-D
Pcor	sox_OG10:sox-D	sox-D
Pmar	sox_OG10:sox-D	sox-D
Pmax	sox_OG10:sox-D	sox-D
Mmod	sox_OG10:sox-D	sox-D
Apur	sox_OG10:sox-D	sox-D
Cflu	sox_OG10:sox-D	sox-D
Mmer	sox_OG10:sox-D	sox-D
Pyes	sox_OG10:sox-D	sox-D
Hbia	sox_OG10:sox-D	sox-D
Csin	sox_OG10:sox-D	sox-D
Mare	sox_OG10:sox-D	sox-D
Pstr	sox_OG10:sox-D	sox-D
Sgra	sox_OG10:sox-D	sox-D
Obim	sox_OG10:sox-D	sox-D
Mgal	sox_OG10:sox-D	sox-D
Csin	sox_OG10:sox-D	sox-D
Mgal	sox_OG10:sox-D	sox-D
Pcor	sox_OG10:sox-D	sox-D
Airc	sox_OG10:sox-D	sox-D
Amar	sox_OG10:sox-D	sox-D
Mgal	sox_OG10:sox-D	sox-D
Pcor	sox_OG10:sox-D	sox-D
Mcal	sox_OG10:sox-D	sox-D
Cari	sox_OG10:sox-D	sox-D
Pgen	sox_OG10:sox-D	sox-D
Rphi	sox_OG10:sox-D	sox-D
Medu	sox_OG10:sox-D	sox-D
Bgla	sox_OG10:sox-D	sox-D
Ppur	sox_OG10:sox-D	sox-D
Osin	sox_OG10:sox-D	sox-D
Mmar	sox_OG10:sox-D	sox-D
Lorb	sox_OG10:sox-D	sox-D
Apec	sox_OG10:sox-D	sox-D
Mgal	sox_OG10:sox-D	sox-D
Gaeg	sox_OG10:sox-D	sox-D
Pcor	sox_OG10:sox-D	sox-D
Scon	sox_OG10:sox-D	sox-D
Oedu	sox_OG10:sox-D	sox-D
Cpli	sox_OG10:sox-D	sox-D
Dpol	sox_OG10:sox-D	sox-D
Mner	sox_OG10:sox-D	sox-D
Pcan	sox_OG10:sox-D	sox-D
Acal	sox_OG10:sox-D	sox-D
Tgra	sox_OG10:sox-D	sox-D
Sbro	sox_OG10:sox-D	sox-D
Rdec	sox_OG10:sox-D	sox-D
Pvir	sox_OG10:sox-D	sox-D
Mchi	sox_OG10:sox-D	sox-D
Poku	sox_OG10:sox-D	sox-D
Mgal	sox_OG10:sox-D	sox-D
Mphi	sox_OG10:sox-D	sox-D
Mgal	sox_OG10:sox-D	sox-D
Dmel	sox_OG11:sox-C	sox-C
Tgra	sox_OG11:sox-C	sox-C
Cele	sox_OG11:sox-C	sox-C
Hsap	sox_OG11:sox-C	sox-C
Hsap	sox_OG11:sox-C	sox-C
Pcan	sox_OG11:sox-C	sox-C
Hsap	sox_OG11:sox-C	sox-C
Cari	sox_OG11:sox-C	sox-C
Pmax	sox_OG11:sox-C	sox-C
Mare	sox_OG11:sox-C	sox-C
Medu	sox_OG11:sox-C	sox-C
Pyes	sox_OG11:sox-C	sox-C
Pgen	sox_OG11:sox-C	sox-C
Hbia	sox_OG11:sox-C	sox-C
Mmer	sox_OG11:sox-C	sox-C
Mphi	sox_OG11:sox-C	sox-C
Mgal	sox_OG11:sox-C	sox-C
Tgra	sox_OG11:sox-C	sox-C
Sbro	sox_OG11:sox-C	sox-C
Mcor	sox_OG11:sox-C	sox-C
Pcor	sox_OG11:sox-C	sox-C
Csin	sox_OG11:sox-C	sox-C
Pcor	sox_OG11:sox-C	sox-C
Cpli	sox_OG11:sox-C	sox-C
Tsqu	sox_OG11:sox-C	sox-C
Mcal	sox_OG11:sox-C	sox-C
Amar	sox_OG11:sox-C	sox-C
Lorb	sox_OG11:sox-C	sox-C
Mmod	sox_OG11:sox-C	sox-C
Poku	sox_OG11:sox-C	sox-C
Sgra	sox_OG11:sox-C	sox-C
Sglo	sox_OG11:sox-C	sox-C
Rphi	sox_OG11:sox-C	sox-C
Ppur	sox_OG11:sox-C	sox-C
Cang	sox_OG11:sox-C	sox-C
Mchi	sox_OG11:sox-C	sox-C
Mgal	sox_OG11:sox-C	sox-C
Osin	sox_OG11:sox-C	sox-C
Cvir	sox_OG11:sox-C	sox-C
Scon	sox_OG11:sox-C	sox-C
Cflu	sox_OG11:sox-C	sox-C
Hruf	sox_OG11:sox-C	sox-C
Pcor	sox_OG11:sox-C	sox-C
Oedu	sox_OG11:sox-C	sox-C
Gaeg	sox_OG11:sox-C	sox-C
Dpol	sox_OG11:sox-C	sox-C
Apur	sox_OG11:sox-C	sox-C
Cgig	sox_OG11:sox-C	sox-C
Airc	sox_OG11:sox-C	sox-C
Mmar	sox_OG11:sox-C	sox-C
Apec	sox_OG11:sox-C	sox-C
Mner	sox_OG11:sox-C	sox-C
Pcor	sox_OG11:sox-C	sox-C
Pstr	sox_OG11:sox-C	sox-C
Rdec	sox_OG11:sox-C	sox-C
Pvir	sox_OG11:sox-C	sox-C
Pmar	sox_OG11:sox-C	sox-C
Mphi	sox_OG12:sox-F	sox-F
Sgra	sox_OG12:sox-F	sox-F
Medu	sox_OG12:sox-F	sox-F
Mgal	sox_OG12:sox-F	sox-F
Sbro	sox_OG12:sox-F	sox-F
Medu	sox_OG12:sox-F	sox-F
Mcal	sox_OG12:sox-F	sox-F
Pvir	sox_OG12:sox-F	sox-F
Mgal	sox_OG12:sox-F	sox-F
Mcor	sox_OG12:sox-F	sox-F
Pmar	sox_OG12:sox-F	sox-F
Mmod	sox_OG12:sox-F	sox-F
Mner	sox_OG12:sox-F	sox-F
Obim	sox_OG12:sox-F	sox-F
Gaeg	sox_OG12:sox-F	sox-F
Cari	sox_OG12:sox-F	sox-F
Apur	sox_OG12:sox-F	sox-F
Acal	sox_OG12:sox-F	sox-F
Cpli	sox_OG12:sox-F	sox-F
Sglo	sox_OG12:sox-F	sox-F
Scon	sox_OG12:sox-F	sox-F
Cflu	sox_OG12:sox-F	sox-F
Cgig	sox_OG12:sox-F	sox-F
Cang	sox_OG12:sox-F	sox-F
Pcor	sox_OG12:sox-F	sox-F
Hbia	sox_OG12:sox-F	sox-F
Poku	sox_OG12:sox-F	sox-F
Hsap	sox_OG12:sox-F	sox-F
Bgla	sox_OG12:sox-F	sox-F
Mare	sox_OG12:sox-F	sox-F
Rphi	sox_OG12:sox-F	sox-F
Pcor	sox_OG12:sox-F	sox-F
Pmax	sox_OG12:sox-F	sox-F
Mare	sox_OG12:sox-F	sox-F
Oedu	sox_OG12:sox-F	sox-F
Dpol	sox_OG12:sox-F	sox-F
Rdec	sox_OG12:sox-F	sox-F
Cvir	sox_OG12:sox-F	sox-F
Amar	sox_OG12:sox-F	sox-F
Hsap	sox_OG12:sox-F	sox-F
Mmer	sox_OG12:sox-F	sox-F
Pstr	sox_OG12:sox-F	sox-F
Dmel	sox_OG12:sox-F	sox-F
Pcor	sox_OG12:sox-F	sox-F
Csin	sox_OG12:sox-F	sox-F
Pcan	sox_OG12:sox-F	sox-F
Hruf	sox_OG12:sox-F	sox-F
Mmar	sox_OG12:sox-F	sox-F
Pgen	sox_OG12:sox-F	sox-F
Cvir	sox_OG12:sox-F	sox-F
Hsap	sox_OG12:sox-F	sox-F
Pyes	sox_OG12:sox-F	sox-F
Airc	sox_OG12:sox-F	sox-F
Dmel	sox_OG13:sox-E	sox-E
Cpli	sox_OG13:sox-E	sox-E
Cflu	sox_OG13:sox-E	sox-E
Rphi	sox_OG13:sox-E	sox-E
Pstr	sox_OG13:sox-E	sox-E
Apec	sox_OG13:sox-E	sox-E
Mcal	sox_OG13:sox-E	sox-E
Mare	sox_OG13:sox-E	sox-E
Dpol	sox_OG13:sox-E	sox-E
Medu	sox_OG13:sox-E	sox-E
Amar	sox_OG13:sox-E	sox-E
Sglo	sox_OG13:sox-E	sox-E
Hsap	sox_OG13:sox-E	sox-E
Mmar	sox_OG13:sox-E	sox-E
Mgal	sox_OG13:sox-E	sox-E
Pcor	sox_OG13:sox-E	sox-E
Hbia	sox_OG13:sox-E	sox-E
Gaeg	sox_OG13:sox-E	sox-E
Scon	sox_OG13:sox-E	sox-E
Mare	sox_OG13:sox-E	sox-E
Cpli	sox_OG13:sox-E	sox-E
Pvir	sox_OG13:sox-E	sox-E
Mgal	sox_OG13:sox-E	sox-E
Tsqu	sox_OG13:sox-E	sox-E
Poku	sox_OG13:sox-E	sox-E
Hruf	sox_OG13:sox-E	sox-E
Mchi	sox_OG13:sox-E	sox-E
Tgra	sox_OG13:sox-E	sox-E
Pmar	sox_OG13:sox-E	sox-E
Oedu	sox_OG13:sox-E	sox-E
Pyes	sox_OG13:sox-E	sox-E
Pcor	sox_OG13:sox-E	sox-E
Mphi	sox_OG13:sox-E	sox-E
Cari	sox_OG13:sox-E	sox-E
Hbia	sox_OG13:sox-E	sox-E
Apur	sox_OG13:sox-E	sox-E
Pmax	sox_OG13:sox-E	sox-E
Cvir	sox_OG13:sox-E	sox-E
Acal	sox_OG13:sox-E	sox-E
Mcor	sox_OG13:sox-E	sox-E
Ppur	sox_OG13:sox-E	sox-E
Pstr	sox_OG13:sox-E	sox-E
Mmer	sox_OG13:sox-E	sox-E
Cang	sox_OG13:sox-E	sox-E
Airc	sox_OG13:sox-E	sox-E
Pcan	sox_OG13:sox-E	sox-E
Mmod	sox_OG13:sox-E	sox-E
Csin	sox_OG13:sox-E	sox-E
Hsap	sox_OG13:sox-E	sox-E
Cgig	sox_OG13:sox-E	sox-E
Pcor	sox_OG13:sox-E	sox-E
Bgla	sox_OG13:sox-E	sox-E
Sbro	sox_OG13:sox-E	sox-E
Sgra	sox_OG13:sox-E	sox-E
Hsap	sox_OG13:sox-E	sox-E
Cele	sox_OG14:sox-J	sox-B1/sox-J
Dmel	sox_OG15:sox-B1	sox-B1/sox-J
Hsap	sox_OG16:sox-B2	sox-B2
Hsap	sox_OG17:sox-B2	sox-B2
Bgla	sox_OG18:sox-B1	sox-B1
Mcal	sox_OG18:sox-B1	sox-B1
Hruf	sox_OG18:sox-B1	sox-B1
Pcan	sox_OG18:sox-B1	sox-B1
Gaeg	sox_OG18:sox-B1	sox-B1
Obim	sox_OG18:sox-B1	sox-B1
Cele	sox_OG18:sox-B1	sox-B1
Acal	sox_OG18:sox-B1	sox-B1
Osin	sox_OG18:sox-B1	sox-B1
Sglo	sox_OG18:sox-B1	sox-B1
Cvir	sox_OG18:sox-B1	sox-B1
Pgen	sox_OG18:sox-B1	sox-B1
Mmar	sox_OG18:sox-B1	sox-B1
Cflu	sox_OG18:sox-B1	sox-B1
Pstr	sox_OG18:sox-B1	sox-B1
Cgig	sox_OG18:sox-B1	sox-B1
Pvir	sox_OG18:sox-B1	sox-B1
Apec	sox_OG18:sox-B1	sox-B1
Pmar	sox_OG18:sox-B1	sox-B1
Lorb	sox_OG18:sox-B1	sox-B1
Cpli	sox_OG18:sox-B1	sox-B1
Mare	sox_OG18:sox-B1	sox-B1
Csin	sox_OG18:sox-B1	sox-B1
Mgal	sox_OG18:sox-B1	sox-B1
Hbia	sox_OG18:sox-B1	sox-B1
Scon	sox_OG18:sox-B1	sox-B1
Dpol	sox_OG18:sox-B1	sox-B1
Amar	sox_OG18:sox-B1	sox-B1
Mphi	sox_OG18:sox-B1	sox-B1
Oedu	sox_OG18:sox-B1	sox-B1
Cang	sox_OG18:sox-B1	sox-B1
Mmod	sox_OG18:sox-B1	sox-B1
Rphi	sox_OG18:sox-B1	sox-B1
Apur	sox_OG18:sox-B1	sox-B1
Mmer	sox_OG18:sox-B1	sox-B1
Cari	sox_OG18:sox-B1	sox-B1
Pyes	sox_OG18:sox-B1	sox-B1
Mchi	sox_OG18:sox-B1	sox-B1
Medu	sox_OG18:sox-B1	sox-B1
Sgra	sox_OG18:sox-B1	sox-B1
Mner	sox_OG18:sox-B1	sox-B1
Tsqu	sox_OG18:sox-B1	sox-B1
Airc	sox_OG18:sox-B1	sox-B1
Pcor	sox_OG18:sox-B1	sox-B1
Pmax	sox_OG18:sox-B1	sox-B1
Mcor	sox_OG18:sox-B1	sox-B1
Poku	sox_OG18:sox-B1	sox-B1
Sbro	sox_OG18:sox-B1	sox-B1
Hsap	sox_OG19:sox-B1/sox-G/sry	sox-B1/sox-G/sry
Osin	sox_OG19:sox-B1/sox-G/sry	sox-B1/sox-G/sry
Hsap	sox_OG19:sox-B1/sox-G/sry	sox-B1/sox-G/sry
Osin	sox_OG19:sox-B1/sox-G/sry	sox-B1/sox-G/sry
Osin	sox_OG19:sox-B1/sox-G/sry	sox-B1/sox-G/sry
Osin	sox_OG19:sox-B1/sox-G/sry	sox-B1/sox-G/sry
Osin	sox_OG19:sox-B1/sox-G/sry	sox-B1/sox-G/sry
Dmel	sox_OG19:sox-B1/sox-G/sry	sox-B1/sox-G/sry
Osin	sox_OG19:sox-B1/sox-G/sry	sox-B1/sox-G/sry
Hsap	sox_OG20:sox-B1	sox-B1
Oedu	sox_OG20:sox-B1	sox-B1
Pcor	sox_OG20:sox-B1	sox-B1
Pcor	sox_OG20:sox-B1	sox-B1
Cflu	sox_OG20:sox-B1	sox-B1
Lorb	sox_OG20:sox-B1	sox-B1
Cari	sox_OG20:sox-B1	sox-B1
Tsqu	sox_OG20:sox-B1	sox-B1
Cvir	sox_OG20:sox-B1	sox-B1
Ppur	sox_OG20:sox-B1	sox-B1
Tgra	sox_OG20:sox-B1	sox-B1
Cang	sox_OG20:sox-B1	sox-B1
Dpol	sox_OG20:sox-B1	sox-B1
Hbia	sox_OG20:sox-B1	sox-B1
Osin	sox_OG20:sox-B1	sox-B1
Mner	sox_OG20:sox-B1	sox-B1
Mcor	sox_OG20:sox-B1	sox-B1
Mchi	sox_OG20:sox-B1	sox-B1
Pgen	sox_OG20:sox-B1	sox-B1
Amar	sox_OG20:sox-B1	sox-B1
Apur	sox_OG20:sox-B1	sox-B1
Medu	sox_OG20:sox-B1	sox-B1
Csin	sox_OG20:sox-B1	sox-B1
Scon	sox_OG20:sox-B1	sox-B1
Pcan	sox_OG20:sox-B1	sox-B1
Mmar	sox_OG20:sox-B1	sox-B1
Sgra	sox_OG20:sox-B1	sox-B1
Bgla	sox_OG20:sox-B1	sox-B1
Pmax	sox_OG20:sox-B1	sox-B1
Airc	sox_OG20:sox-B1	sox-B1
Hruf	sox_OG20:sox-B1	sox-B1
Gaeg	sox_OG20:sox-B1	sox-B1
Mcal	sox_OG20:sox-B1	sox-B1
Pcor	sox_OG20:sox-B1	sox-B1
Cgig	sox_OG20:sox-B1	sox-B1
Apec	sox_OG20:sox-B1	sox-B1
Pyes	sox_OG20:sox-B1	sox-B1
Pvir	sox_OG20:sox-B1	sox-B1
Obim	sox_OG20:sox-B1	sox-B1
Rphi	sox_OG20:sox-B1	sox-B1
Pstr	sox_OG20:sox-B1	sox-B1
Acal	sox_OG20:sox-B1	sox-B1
Sglo	sox_OG20:sox-B1	sox-B1
Scon	sox_OG20:sox-B1	sox-B1
Mmer	sox_OG20:sox-B1	sox-B1
Sbro	sox_OG20:sox-B1	sox-B1
Pmar	sox_OG20:sox-B1	sox-B1
Cpli	sox_OG20:sox-B1	sox-B1
Pcor	sox_OG20:sox-B1	sox-B1
Poku	sox_OG20:sox-B1	sox-B1
Rdec	sox_OG20:sox-B1	sox-B1
Mare	sox_OG20:sox-B1	sox-B1
Mgal	sox_OG20:sox-B1	sox-B1
Pyes	sox_OG20:sox-B1	sox-B1
Mmod	sox_OG20:sox-B1	sox-B1
Mphi	sox_OG20:sox-B1	sox-B1
Hsap	sox_OG21:sox-B1	sox-B1
Cele	sox_OG22:sox-B1	sox-B1
Pmar	sox_OG23:NA	NA
Osin	sox_OG24:NA	NA
Dmel	sox_OG25:sox-B2	sox-B2
Dmel	sox_OG26:sox-B2	sox-B2
Hsap	sox_OG27:sox-B1	sox-B1
